dataset,type,example_id,context,ba_sent,svo_sent,gold,macbert_miss_ba,ctx_ba_sum_surp,ctx_ba_mean_surp,ctx_ba_first_token_surp,ctx_ba_bits_per_token,ctx_ba_cont_token_count,ctx_ba_scored_token_count,ctx_svo_sum_surp,ctx_svo_mean_surp,ctx_svo_first_token_surp,ctx_svo_bits_per_token,ctx_svo_cont_token_count,ctx_svo_scored_token_count,noctx_ba_sum_surp,noctx_ba_mean_surp,noctx_ba_first_token_surp,noctx_ba_bits_per_token,noctx_ba_cont_token_count,noctx_ba_scored_token_count,noctx_svo_sum_surp,noctx_svo_mean_surp,noctx_svo_first_token_surp,noctx_svo_bits_per_token,noctx_svo_cont_token_count,noctx_svo_scored_token_count,ctx_prefer_mean,ctx_prefer_first_token,noctx_prefer_mean,context_helped_mean,model,model_id
svo_preferred,习惯性动作与泛指,1,弟弟非常喜欢运动，每天下午都去操场,把足球踢了,踢足球,svo,未运行,24.679216384887695,4.935843467712402,7.516620635986328,7.1209168934728675,5.0,5.0,10.13992691040039,3.3799757957458496,7.516620635986328,4.8762743188472655,3.0,3.0,31.690170288085938,6.338034152984619,7.036717891693115,9.143850441495792,5.0,5.0,23.889896392822266,7.963298797607422,7.036717891693115,11.488611684425273,3.0,3.0,正确_SVO,错误_把字句,把字句,是,Yi-1.5-9B-Base,01-ai/Yi-1.5-9B
svo_preferred,习惯性动作与泛指,2,老板每天到办公室以后，都会先在桌子前,把咖啡喝了,喝咖啡,svo,未运行,25.95972442626953,6.489931106567383,8.775396347045898,9.362991423155787,4.0,4.0,18.905780792236328,6.301927089691162,8.775396347045898,9.091758960341258,3.0,3.0,32.1863899230957,8.046597480773926,7.036717891693115,11.60878628154217,4.0,4.0,21.612489700317383,7.204163551330566,7.036717891693115,10.393411029257631,3.0,3.0,正确_SVO,错误_把字句,SVO,是,Yi-1.5-9B-Base,01-ai/Yi-1.5-9B
svo_preferred,习惯性动作与泛指,3,她很喜欢阅读，她回家的第一件事就是坐在沙发上,把书看了,看书,svo,未运行,17.81846046447754,4.454615116119385,5.043647289276123,6.42665113709445,4.0,4.0,7.333905220031738,3.666952610015869,5.043647289276123,5.290294345644735,2.0,2.0,30.249149322509766,7.562287330627441,7.036717891693115,10.910074429673648,4.0,4.0,21.402812957763672,10.701406478881836,7.036717891693115,15.43886605761985,2.0,2.0,正确_SVO,错误_把字句,把字句,是,Yi-1.5-9B-Base,01-ai/Yi-1.5-9B
svo_preferred,习惯性动作与泛指,4,每天中午十二点，工厂的工人们都会准时去食堂,把午饭吃了,吃午饭,svo,未运行,24.909954071044922,4.981990814208984,9.34041976928711,7.187493441413671,5.0,5.0,12.137188911437988,3.034297227859497,9.34041976928711,4.3775655632160255,4.0,4.0,31.795822143554688,6.359164714813232,7.036717891693115,9.17433539825713,5.0,5.0,25.203369140625,6.30084228515625,7.036717891693115,9.090193918218405,4.0,4.0,正确_SVO,错误_把字句,SVO,是,Yi-1.5-9B-Base,01-ai/Yi-1.5-9B
svo_preferred,习惯性动作与泛指,5,这所学校的管理很严格，老师要求学生们要大声地,把课文读了,读课文,svo,未运行,22.026123046875,5.50653076171875,7.263466835021973,7.944244622434167,4.0,4.0,11.15236759185791,3.7174558639526367,7.263466835021973,5.363155139648066,3.0,3.0,34.44160079956055,8.610400199890137,7.036717891693115,12.42218166845084,4.0,4.0,25.615821838378906,8.538607597351074,7.036717891693115,12.318606836795222,3.0,3.0,正确_SVO,错误_把字句,SVO,是,Yi-1.5-9B-Base,01-ai/Yi-1.5-9B
svo_preferred,习惯性动作与泛指,6,我平时不爱喝饮料，只,把白开水喝了,喝白开水,svo,未运行,25.42716407775879,5.085433006286621,6.461024284362793,7.336728978942761,5.0,5.0,8.698633193969727,2.1746582984924316,6.461024284362793,3.1373687428630626,4.0,4.0,35.07939910888672,7.015880107879639,7.036717891693115,10.12177543910948,5.0,5.0,24.706157684326172,6.176539421081543,7.036717891693115,8.910862792649532,4.0,4.0,正确_SVO,错误_把字句,SVO,是,Yi-1.5-9B-Base,01-ai/Yi-1.5-9B
svo_preferred,习惯性动作与泛指,7,为了准备下个月的考试，他每天在图书馆,把单词背了,背单词,svo,未运行,22.754831314086914,4.550966262817383,6.435224533081055,6.5656564586196176,5.0,5.0,13.767953872680664,4.58931827545166,6.435224533081055,6.6209867170552,3.0,3.0,33.307464599609375,6.661492824554443,7.036717891693115,9.610502662902109,5.0,5.0,22.8033447265625,7.6011152267456055,7.036717891693115,10.966091242851475,3.0,3.0,错误_把字句,错误_把字句,把字句,是,Yi-1.5-9B-Base,01-ai/Yi-1.5-9B
svo_preferred,习惯性动作与泛指,8,每天晚上睡觉以前，我都去卫生间,把牙刷了,刷牙,svo,未运行,16.33510971069336,3.267021894454956,6.788966178894043,4.713316285605831,5.0,5.0,10.893014907836914,5.446507453918457,6.788966178894043,7.8576492939329325,2.0,2.0,34.23344421386719,6.846688747406006,7.036717891693115,9.877683902392913,5.0,5.0,20.699687957763672,10.349843978881836,7.036717891693115,14.931668582307323,2.0,2.0,错误_把字句,错误_把字句,把字句,是,Yi-1.5-9B-Base,01-ai/Yi-1.5-9B
svo_preferred,习惯性动作与泛指,9,每个周末去公园的时候，奶奶总在湖边,把歌听了,听歌,svo,未运行,30.715187072753906,7.678796768188477,7.141777038574219,11.078162017459714,4.0,4.0,18.44005012512207,6.146683692932129,7.141777038574219,8.867790081706243,3.0,3.0,33.0643196105957,8.266079902648926,7.036717891693115,11.925432483143531,4.0,4.0,20.7498779296875,6.9166259765625,7.036717891693115,9.978581996070503,3.0,3.0,正确_SVO,错误_把字句,SVO,是,Yi-1.5-9B-Base,01-ai/Yi-1.5-9B
svo_preferred,习惯性动作与泛指,10,弟弟不开心的时候，喜欢在房间里,把吉他弹了,弹吉他,svo,未运行,26.84177017211914,5.368354320526123,7.91529655456543,7.744898155957879,5.0,5.0,14.845600128173828,4.948533535003662,7.91529655456543,7.1392247906225155,3.0,3.0,33.15402603149414,6.630805492401123,7.036717891693115,9.566230200986402,5.0,5.0,27.838043212890625,9.279348373413086,7.036717891693115,13.387269881004128,3.0,3.0,正确_SVO,错误_把字句,把字句,是,Yi-1.5-9B-Base,01-ai/Yi-1.5-9B
svo_preferred,习惯性动作与泛指,11,每天早上吃早饭的时候，弟弟都会,把牛奶喝了,喝牛奶,svo,未运行,22.622840881347656,5.655710220336914,9.207293510437012,8.159465087585092,4.0,4.0,16.458721160888672,5.486240386962891,9.207293510437012,7.914971799396111,3.0,3.0,31.833452224731445,7.958363056182861,7.036717891693115,11.48149091474895,4.0,4.0,22.237489700317383,7.412496566772461,7.036717891693115,10.693972037489097,3.0,3.0,正确_SVO,错误_把字句,SVO,是,Yi-1.5-9B-Base,01-ai/Yi-1.5-9B
svo_preferred,习惯性动作与泛指,12,每天早上六点起床后，爷爷常常坐在院子里,把广播听了,听广播,svo,未运行,33.02887725830078,8.257219314575195,8.323614120483398,11.912649356670201,4.0,4.0,16.294448852539062,5.431483268737793,8.323614120483398,7.835973976479391,3.0,3.0,38.6030387878418,9.65075969696045,7.036717891693115,13.923103155615916,4.0,4.0,24.4998779296875,8.1666259765625,7.036717891693115,11.781950797181707,3.0,3.0,正确_SVO,错误_把字句,SVO,是,Yi-1.5-9B-Base,01-ai/Yi-1.5-9B
svo_preferred,习惯性动作与泛指,13,每天下班回家后，爸爸总是习惯坐在沙发上打开手机,把新闻看了,看新闻,svo,未运行,24.44192123413086,6.110480308532715,8.1410493850708,8.81555963856981,4.0,4.0,12.119844436645508,4.039948463439941,8.1410493850708,5.828413613651791,3.0,3.0,35.28158187866211,8.820395469665527,7.036717891693115,12.725140802765935,4.0,4.0,24.381954193115234,8.127318382263184,7.036717891693115,11.725241925816809,3.0,3.0,正确_SVO,错误_把字句,SVO,是,Yi-1.5-9B-Base,01-ai/Yi-1.5-9B
svo_preferred,习惯性动作与泛指,14,每天晚上睡觉前，妹妹都会坐在书桌前安静地,把日记写了,写日记,svo,未运行,25.566253662109375,6.391563415527344,9.871334075927734,9.221076843108625,4.0,4.0,15.042998313903809,5.0143327713012695,9.871334075927734,7.234153022523355,3.0,3.0,33.18135070800781,8.295337677001953,7.036717891693115,11.967642529110092,4.0,4.0,26.01019287109375,8.670064926147461,7.036717891693115,12.508259673138278,3.0,3.0,正确_SVO,错误_把字句,把字句,是,Yi-1.5-9B-Base,01-ai/Yi-1.5-9B
svo_preferred,习惯性动作与泛指,15,每个周末下午五点，邻居家的女儿都会在自己的房间里,把钢琴弹了,弹钢琴,svo,未运行,24.83905792236328,4.967811584472656,7.404166221618652,7.167037136989445,5.0,5.0,10.49305534362793,3.497685194015503,7.404166221618652,5.046093083996918,3.0,3.0,34.50581359863281,6.901162624359131,7.036717891693115,9.956273094531182,5.0,5.0,27.306793212890625,9.102264404296875,7.036717891693115,13.131791716939237,3.0,3.0,正确_SVO,错误_把字句,把字句,是,Yi-1.5-9B-Base,01-ai/Yi-1.5-9B
svo_preferred,习惯性动作与泛指,16,每次去超市，她习惯推着车子,把零食买了,买零食,svo,未运行,25.82465362548828,6.45616340637207,7.6826629638671875,9.314274929541783,4.0,4.0,20.211944580078125,6.7373151779174805,7.6826629638671875,9.719891196087493,3.0,3.0,34.00778579711914,8.501946449279785,7.036717891693115,12.265715980279477,4.0,4.0,27.139888763427734,9.046629905700684,7.036717891693115,13.051528101712167,3.0,3.0,错误_把字句,错误_把字句,把字句,是,Yi-1.5-9B-Base,01-ai/Yi-1.5-9B
svo_preferred,习惯性动作与泛指,17,妈妈非常喜欢植物，每次去超市的时候，她都会顺便,把鲜花买了,买鲜花,svo,未运行,26.66739273071289,6.666848182678223,9.178833961486816,9.61822881150947,4.0,4.0,17.460052490234375,5.8200178146362305,9.178833961486816,8.396510839061111,3.0,3.0,35.46847915649414,8.867119789123535,7.036717891693115,12.792549746736915,4.0,4.0,28.921138763427734,9.640379905700684,7.036717891693115,13.90812828223999,3.0,3.0,正确_SVO,错误_把字句,把字句,是,Yi-1.5-9B-Base,01-ai/Yi-1.5-9B
svo_preferred,习惯性动作与泛指,18,王老师平时不爱喝咖啡，他每天在办公室只,把绿茶喝了,喝绿茶,svo,未运行,29.98746109008789,7.496865272521973,6.902108192443848,10.815690350880137,4.0,4.0,10.626751899719238,3.542250633239746,6.902108192443848,5.110387422160772,3.0,3.0,37.68449401855469,9.421123504638672,7.036717891693115,13.591808159744664,4.0,4.0,24.362489700317383,8.120830535888672,7.036717891693115,11.71588194202625,3.0,3.0,正确_SVO,错误_把字句,SVO,是,Yi-1.5-9B-Base,01-ai/Yi-1.5-9B
svo_preferred,习惯性动作与泛指,19,为了学好汉语，他每天都坚持在练习本上,把汉字写了,写汉字,svo,未运行,22.651296615600586,5.6628241539001465,8.450372695922852,8.169728324257981,4.0,4.0,11.616708755493164,3.8722362518310547,8.450372695922852,5.58645603766713,3.0,3.0,35.190364837646484,8.797591209411621,7.036717891693115,12.692241209586484,4.0,4.0,26.54144287109375,8.847147941589355,7.036717891693115,12.763736461341963,3.0,3.0,正确_SVO,错误_把字句,把字句,是,Yi-1.5-9B-Base,01-ai/Yi-1.5-9B
svo_preferred,习惯性动作与泛指,20,经理每天早上到了公司，第一件事就是打开电脑,把邮件查了,查邮件,svo,未运行,24.543807983398438,4.908761501312256,5.668045997619629,7.081845874849854,5.0,5.0,12.18017578125,4.06005859375,5.668045997619629,5.857426398921744,3.0,3.0,35.60683059692383,7.121366024017334,7.036717891693115,10.273959447204962,5.0,5.0,25.858661651611328,8.61955451965332,7.036717891693115,12.435388560175896,3.0,3.0,正确_SVO,错误_把字句,把字句,是,Yi-1.5-9B-Base,01-ai/Yi-1.5-9B
svo_preferred,习惯性动作与泛指,21,每次坐地铁的时候，为了打发时间，我都会戴上耳机,把音乐听了,听音乐,svo,未运行,25.22816276550293,6.307040691375732,6.9958624839782715,9.09913632813267,4.0,4.0,10.830811500549316,3.6102705001831055,6.9958624839782715,5.208519346881884,3.0,3.0,34.59726333618164,8.64931583404541,7.036717891693115,12.478325060859703,4.0,4.0,20.8748779296875,6.9582929611206055,7.036717891693115,10.038694748061278,3.0,3.0,正确_SVO,错误_把字句,SVO,是,Yi-1.5-9B-Base,01-ai/Yi-1.5-9B
svo_preferred,习惯性动作与泛指,22,小区里有一位好心的阿姨，每天傍晚都会去花园,把流浪猫喂了,喂流浪猫,svo,未运行,28.179866790771484,4.6966447830200195,9.320001602172852,6.775826137280004,6.0,6.0,14.935951232910156,3.733987808227539,9.320001602172852,5.38700569366972,4.0,4.0,37.85727310180664,6.309545516967773,7.036717891693115,9.102750027592599,6.0,6.0,29.38364028930664,7.34591007232666,7.036717891693115,10.597908032161959,4.0,4.0,正确_SVO,错误_把字句,把字句,是,Yi-1.5-9B-Base,01-ai/Yi-1.5-9B
svo_preferred,习惯性动作与泛指,23,这位护士很细心，每天都会按时给每个病人,把体温量了,量体温,svo,未运行,22.081146240234375,4.416229248046875,8.315509796142578,6.371272035586022,5.0,5.0,11.143967628479004,3.714655876159668,8.315509796142578,5.359115611144601,3.0,3.0,33.197898864746094,6.639579772949219,7.036717891693115,9.578888812020509,5.0,5.0,28.62005615234375,9.540019035339355,7.036717891693115,13.763338152270402,3.0,3.0,正确_SVO,错误_把字句,把字句,是,Yi-1.5-9B-Base,01-ai/Yi-1.5-9B
svo_preferred,习惯性动作与泛指,24,他的视力不太好，只要是看书或者看电脑，就一定会,把眼镜戴上,戴上眼镜,svo,未运行,13.762093544006348,3.440523386001587,7.458439826965332,4.9636260270469945,4.0,4.0,9.831226348876953,3.2770755290985107,7.458439826965332,4.727820614448998,3.0,3.0,31.117876052856445,7.779469013214111,7.036717891693115,11.223401366113357,4.0,4.0,23.28079605102539,7.760265350341797,7.036717891693115,11.195696336920564,3.0,3.0,正确_SVO,错误_把字句,SVO,是,Yi-1.5-9B-Base,01-ai/Yi-1.5-9B
svo_preferred,习惯性动作与泛指,25,那位经理很有责任心，每天上班第一件事就是在电脑前,把邮件回了,回邮件,svo,未运行,27.313461303710938,6.828365325927734,6.833737850189209,9.851248793094094,4.0,4.0,16.15130615234375,5.3837690353393555,6.833737850189209,7.767136888575647,3.0,3.0,37.60573959350586,9.401434898376465,7.036717891693115,13.563403505128163,4.0,4.0,27.49329376220703,9.16443157196045,7.036717891693115,13.221479981433587,3.0,3.0,正确_SVO,错误_把字句,SVO,是,Yi-1.5-9B-Base,01-ai/Yi-1.5-9B
svo_preferred,习惯性动作与泛指,26,农民伯伯很辛苦，每天天亮就会去地里,把农活干了,干农活,svo,未运行,23.23688507080078,4.647377014160156,7.71134090423584,6.704747771470216,5.0,5.0,11.596576690673828,2.899144172668457,7.71134090423584,4.18258092073092,4.0,4.0,33.878929138183594,6.77578592300415,7.036717891693115,9.775392749243336,5.0,5.0,24.34322166442871,6.085805416107178,7.036717891693115,8.77996129363302,4.0,4.0,正确_SVO,错误_把字句,SVO,是,Yi-1.5-9B-Base,01-ai/Yi-1.5-9B
svo_preferred,习惯性动作与泛指,27,弟弟放暑假了，每天下午做完作业后，他都会用平板电脑,把游戏玩了,玩游戏,svo,未运行,26.397188186645508,5.27943754196167,7.759880065917969,7.61661836047112,5.0,5.0,10.326764106750488,5.163382053375244,7.759880065917969,7.449185682619538,2.0,2.0,30.44847297668457,6.089694499969482,7.036717891693115,8.785572055634768,5.0,5.0,21.457500457763672,10.728750228881836,7.036717891693115,15.478314750144156,2.0,2.0,正确_SVO,错误_把字句,把字句,是,Yi-1.5-9B-Base,01-ai/Yi-1.5-9B
svo_preferred,习惯性动作与泛指,28,每天幼儿园放学后，孩子们最期待的事情就是坐在电视机前,把动画片看了,看动画片,svo,未运行,23.424217224121094,4.68484354019165,9.522306442260742,6.758800542775189,5.0,5.0,11.22172737121582,2.805431842803955,9.522306442260742,4.047382607165252,4.0,4.0,34.44159698486328,6.888319492340088,7.036717891693115,9.937744371657827,5.0,5.0,26.222942352294922,6.5557355880737305,7.036717891693115,9.457927222293263,4.0,4.0,正确_SVO,错误_把字句,SVO,是,Yi-1.5-9B-Base,01-ai/Yi-1.5-9B
svo_preferred,习惯性动作与泛指,29,为了促进消化，她每天吃完午饭半小时后，都会,把酸奶喝了,喝酸奶,svo,未运行,28.723533630371094,7.180883407592773,9.771475791931152,10.359824881335935,4.0,4.0,17.39800262451172,5.799334526062012,9.771475791931152,8.366671161205812,3.0,3.0,34.521514892578125,8.630378723144531,7.036717891693115,12.451004584874239,4.0,4.0,23.362489700317383,7.787496566772461,7.036717891693115,11.234982677822458,3.0,3.0,正确_SVO,错误_把字句,SVO,是,Yi-1.5-9B-Base,01-ai/Yi-1.5-9B
svo_preferred,习惯性动作与泛指,30,妈妈对烘焙很感兴趣。每个周末的早上，她都会在厨房里,把面包烤了,烤面包,svo,未运行,25.135408401489258,5.0270819664001465,8.20084285736084,7.252546223067831,5.0,5.0,15.3619966506958,5.120665550231934,8.20084285736084,7.387558795370566,3.0,3.0,33.81855773925781,6.763711452484131,7.036717891693115,9.757972970502744,5.0,5.0,23.942596435546875,7.980865478515625,7.036717891693115,11.513955047856417,3.0,3.0,错误_把字句,错误_把字句,把字句,是,Yi-1.5-9B-Base,01-ai/Yi-1.5-9B
svo_preferred,习惯性动作与泛指,31,每个深夜，我都看见那位年轻作家在电脑前,把小说写了,写小说,svo,未运行,24.1319580078125,6.032989501953125,7.218144416809082,8.703764036202951,4.0,4.0,13.999885559082031,4.666628837585449,7.218144416809082,6.732522281653956,3.0,3.0,33.43144226074219,8.357860565185547,7.036717891693115,12.057843989834618,4.0,4.0,24.22894287109375,8.076314926147461,7.036717891693115,11.651659492610458,3.0,3.0,正确_SVO,错误_把字句,SVO,是,Yi-1.5-9B-Base,01-ai/Yi-1.5-9B
svo_preferred,习惯性动作与泛指,32,每个星期五晚上，她都会去电影院,把新电影看了,看新电影,svo,未运行,23.640127182006836,4.728025436401367,5.734789848327637,6.821098850293129,5.0,5.0,12.73454475402832,3.18363618850708,5.734789848327637,4.5930161411538055,4.0,4.0,36.42015075683594,7.284030437469482,7.036717891693115,10.50863458982149,5.0,5.0,30.270450592041016,7.567612648010254,7.036717891693115,10.91775723865299,4.0,4.0,正确_SVO,错误_把字句,把字句,是,Yi-1.5-9B-Base,01-ai/Yi-1.5-9B
svo_preferred,习惯性动作与泛指,33,为了保持皮肤健康，她每天都要,把防晒霜涂了,涂防晒霜,svo,未运行,24.77157974243164,4.128596782684326,7.773528099060059,5.956306104208807,6.0,6.0,12.670439720153809,3.167609930038452,7.773528099060059,4.569895137537111,4.0,4.0,35.74848937988281,5.9580817222595215,7.036717891693115,8.595694953914986,6.0,6.0,26.086463928222656,6.521615982055664,7.036717891693115,9.408703035893915,4.0,4.0,正确_SVO,错误_把字句,把字句,是,Yi-1.5-9B-Base,01-ai/Yi-1.5-9B
svo_preferred,习惯性动作与泛指,34,临近考试的时候，很多学生都会去图书馆,把功课复习了,复习功课,svo,未运行,28.48369026184082,5.696738243103027,7.255168914794922,8.218656012567244,5.0,5.0,11.874332427978516,3.958110809326172,7.255168914794922,5.71034683590387,3.0,3.0,36.62097930908203,7.324195861816406,7.036717891693115,10.566581048341996,5.0,5.0,28.574996948242188,9.524999618530273,7.036717891693115,13.741669714122894,3.0,3.0,正确_SVO,错误_把字句,把字句,是,Yi-1.5-9B-Base,01-ai/Yi-1.5-9B
svo_preferred,习惯性动作与泛指,35,每次去北京出差，他都会抽空去,把北京烤鸭吃了,吃北京烤鸭,svo,未运行,29.79871368408203,4.966452598571777,7.977316856384277,7.165076534769609,6.0,6.0,18.757104873657227,3.7514209747314453,7.977316856384277,5.412156436531897,5.0,5.0,37.67475128173828,6.279125213623047,7.036717891693115,9.058862806814822,6.0,6.0,30.029956817626953,6.005991458892822,7.036717891693115,8.664814093366145,5.0,5.0,正确_SVO,错误_把字句,SVO,是,Yi-1.5-9B-Base,01-ai/Yi-1.5-9B
svo_preferred,习惯性动作与泛指,36,每天早上起床后，他都会在厨房,把早饭做了,做早饭,svo,未运行,25.001129150390625,5.000226020812988,8.043033599853516,7.213801283550853,5.0,5.0,14.351572036743164,3.587893009185791,8.043033599853516,5.176235451592521,4.0,4.0,33.84589385986328,6.769178867340088,7.036717891693115,9.765860782801916,5.0,5.0,28.035463333129883,7.008865833282471,7.036717891693115,10.111655979932713,4.0,4.0,正确_SVO,错误_把字句,把字句,是,Yi-1.5-9B-Base,01-ai/Yi-1.5-9B
svo_preferred,习惯性动作与泛指,37,天气热的时候，孩子们总是喜欢去海边,把冰淇淋吃了,吃冰淇淋,svo,未运行,28.738054275512695,4.789675712585449,8.163419723510742,6.91004139801334,6.0,6.0,17.548744201660156,3.509748935699463,8.163419723510742,5.063497384298932,5.0,5.0,31.847959518432617,5.307993412017822,7.036717891693115,7.657815772589401,6.0,6.0,26.010540008544922,5.202107906341553,7.036717891693115,7.505055278648227,5.0,5.0,正确_SVO,错误_把字句,SVO,是,Yi-1.5-9B-Base,01-ai/Yi-1.5-9B
svo_preferred,习惯性动作与泛指,38,每次遇到不会的汉字，他都习惯用手机,把字典查了,查字典,svo,未运行,21.61468505859375,3.602447509765625,7.159023761749268,5.197233157401663,6.0,6.0,11.342720985412598,2.8356802463531494,7.159023761749268,4.091021828960483,4.0,4.0,35.956275939941406,5.99271297454834,7.036717891693115,8.645657289851838,6.0,6.0,23.22763442993164,5.80690860748291,7.036717891693115,8.377598250911031,4.0,4.0,正确_SVO,错误_把字句,SVO,是,Yi-1.5-9B-Base,01-ai/Yi-1.5-9B
svo_preferred,习惯性动作与泛指,39,只要是周末，爸爸都会坐在沙发上,把报纸看了,看报纸,svo,未运行,22.731040954589844,5.682760238647461,7.558280944824219,8.198490014857674,4.0,4.0,11.018321990966797,3.672774076461792,7.558280944824219,5.29869294641697,3.0,3.0,33.95293426513672,8.48823356628418,7.036717891693115,12.245932471985427,4.0,4.0,26.006954193115234,8.668985366821289,7.036717891693115,12.506702198252066,3.0,3.0,正确_SVO,错误_把字句,把字句,是,Yi-1.5-9B-Base,01-ai/Yi-1.5-9B
svo_preferred,习惯性动作与泛指,40,每天下班回家路上，妈妈都会去菜市场,把菜买了,买菜,svo,未运行,21.103527069091797,5.275881767272949,7.743246555328369,7.6114884619611844,4.0,4.0,10.662978172302246,3.554326057434082,7.743246555328369,5.127808576762571,3.0,3.0,31.943208694458008,7.985802173614502,7.036717891693115,11.521077193393948,4.0,4.0,23.764888763427734,7.921629905700684,7.036717891693115,11.428496180712083,3.0,3.0,正确_SVO,错误_把字句,SVO,是,Yi-1.5-9B-Base,01-ai/Yi-1.5-9B
svo_preferred,习惯性动作与泛指,41,每天吃完晚饭，全家人都会坐在客厅里,把电视剧看了,看电视剧,svo,未运行,27.466270446777344,6.866567611694336,8.451470375061035,9.906363041320192,4.0,4.0,13.692279815673828,4.564093589782715,8.451470375061035,6.58459518813263,3.0,3.0,33.51934814453125,8.379837036132812,7.036717891693115,12.089549335486478,4.0,4.0,24.850704193115234,8.283568382263184,7.036717891693115,11.95066302595571,3.0,3.0,正确_SVO,错误_把字句,SVO,是,Yi-1.5-9B-Base,01-ai/Yi-1.5-9B
svo_preferred,习惯性动作与泛指,42,每天下班后，哥哥都会去健身房,把身体锻炼一下,锻炼身体,svo,未运行,21.74057388305664,4.348114967346191,6.821204662322998,6.273003900605428,5.0,5.0,12.075976371765137,4.025325775146484,6.821204662322998,5.807317533766356,3.0,3.0,35.07731246948242,7.015462398529053,7.036717891693115,10.121172811900857,5.0,5.0,23.859737396240234,7.953246116638184,7.036717891693115,11.474108731443314,3.0,3.0,正确_SVO,错误_把字句,把字句,是,Yi-1.5-9B-Base,01-ai/Yi-1.5-9B
svo_preferred,习惯性动作与泛指,43,每个月这个时候，妹妹都会去理发店,把头发剪了,剪头发,svo,未运行,15.321015357971191,3.0642030239105225,6.952750205993652,4.420710506872677,5.0,5.0,9.443696975708008,3.1478991508483887,6.952750205993652,4.541458494147549,3.0,3.0,28.895957946777344,5.779191493988037,7.036717891693115,8.337610908724221,5.0,5.0,21.93429183959961,7.311430931091309,7.036717891693115,10.548165146087607,3.0,3.0,错误_把字句,错误_把字句,把字句,是,Yi-1.5-9B-Base,01-ai/Yi-1.5-9B
svo_preferred,习惯性动作与泛指,44,每次放假，他们一家人都会去海边,把鱼抓了,抓鱼,svo,未运行,28.57333755493164,5.714667797088623,7.36411714553833,8.244522891187614,5.0,5.0,18.156349182128906,6.052116394042969,7.36411714553833,8.731358308568588,3.0,3.0,33.82677459716797,6.765355110168457,7.036717891693115,9.76034426729284,5.0,5.0,22.29962158203125,7.4332075119018555,7.036717891693115,10.723851615319397,3.0,3.0,错误_把字句,错误_把字句,把字句,是,Yi-1.5-9B-Base,01-ai/Yi-1.5-9B
svo_preferred,习惯性动作与泛指,45,每当有空的时候，姐姐总喜欢在阳台上,把鸽子喂了,喂鸽子,svo,未运行,31.622800827026367,5.2704668045043945,7.704896926879883,7.603676322028392,6.0,6.0,15.397388458251953,3.8493471145629883,7.704896926879883,5.553433992840264,4.0,4.0,36.10435104370117,6.017392158508301,7.036717891693115,8.68126182616406,6.0,6.0,26.372211456298828,6.593052864074707,7.036717891693115,9.511764671319357,4.0,4.0,正确_SVO,错误_把字句,把字句,是,Yi-1.5-9B-Base,01-ai/Yi-1.5-9B
svo_preferred,习惯性动作与泛指,46,每天睡觉前，妈妈都会给孩子,把故事讲了,讲故事,svo,未运行,26.720468521118164,6.680117130279541,8.453895568847656,9.637371856411708,4.0,4.0,11.481193542480469,5.740596771240234,8.453895568847656,8.281930493611481,2.0,2.0,31.26850128173828,7.81712532043457,7.036717891693115,11.277727933798504,4.0,4.0,21.746562957763672,10.873281478881836,7.036717891693115,15.686829267772639,2.0,2.0,正确_SVO,错误_把字句,把字句,是,Yi-1.5-9B-Base,01-ai/Yi-1.5-9B
svo_preferred,习惯性动作与泛指,47,每天上课前，老师都会仔细地给学生,把作业批改了,批改作业,svo,未运行,24.954586029052734,4.159097671508789,8.054960250854492,6.000309585258565,6.0,6.0,14.432302474975586,3.6080756187438965,8.054960250854492,5.205352802314198,4.0,4.0,35.00400161743164,5.834000587463379,7.036717891693115,8.416683716076717,6.0,6.0,26.128459930419922,6.5321149826049805,7.036717891693115,9.423849891920703,4.0,4.0,正确_SVO,错误_把字句,把字句,是,Yi-1.5-9B-Base,01-ai/Yi-1.5-9B
svo_preferred,习惯性动作与泛指,48,每天开车前，司机都会认真地,把汽车检查了,检查汽车,svo,未运行,28.096172332763672,5.619234561920166,9.284229278564453,8.106841836074091,5.0,5.0,13.607593536376953,4.53586483001709,9.284229278564453,6.543869696408317,3.0,3.0,37.94939041137695,7.589878082275391,7.036717891693115,10.949879470250542,5.0,5.0,27.908824920654297,9.302942276000977,7.036717891693115,13.421308687262895,3.0,3.0,正确_SVO,错误_把字句,把字句,是,Yi-1.5-9B-Base,01-ai/Yi-1.5-9B
svo_preferred,习惯性动作与泛指,49,每到冬天，北方人常常一起,把火锅吃了,吃火锅,svo,未运行,27.13389015197754,6.783472537994385,8.227285385131836,9.78648219057097,4.0,4.0,11.918245315551758,3.9727485179901123,8.227285385131836,5.731464585603314,3.0,3.0,32.21760559082031,8.054401397705078,7.036717891693115,11.620044953798253,4.0,4.0,24.200773239135742,8.066925048828125,7.036717891693115,11.638112763167296,3.0,3.0,正确_SVO,错误_把字句,把字句,是,Yi-1.5-9B-Base,01-ai/Yi-1.5-9B
svo_preferred,习惯性动作与泛指,50,遇到周末，很多年轻人都喜欢去酒吧,把酒喝了,喝酒,svo,未运行,26.112625122070312,6.528156280517578,6.244959354400635,9.418138692050851,4.0,4.0,9.42189884185791,4.710949420928955,6.244959354400635,6.7964633674529376,2.0,2.0,30.10916519165039,7.527291297912598,7.036717891693115,10.859585826825153,4.0,4.0,19.707134246826172,9.853567123413086,7.036717891693115,14.215692424014588,2.0,2.0,正确_SVO,错误_把字句,把字句,是,Yi-1.5-9B-Base,01-ai/Yi-1.5-9B
svo_preferred,叙述经历和日程,1,昨晚停电了，我在黑暗中坐了一会儿，然后去厨房,把那根蜡烛点了,点了那根蜡烛,svo,未运行,28.982879638671875,4.140411376953125,7.680087089538574,5.973350960770518,7.0,7.0,23.162368774414062,3.8603949546813965,7.680087089538574,5.569372656991625,6.0,6.0,39.051513671875,5.578787803649902,7.036717891693115,8.048489498497547,7.0,7.0,36.07386779785156,6.0123114585876465,7.036717891693115,8.673931925584288,6.0,6.0,正确_SVO,错误_把字句,把字句,是,Yi-1.5-9B-Base,01-ai/Yi-1.5-9B
svo_preferred,叙述经历和日程,2,我昨天复习得很认真，先看了书上的笔记，又默写了单词，然后,把那张练习卷做完了,做完了那张练习卷,svo,未运行,26.281145095825195,3.2851431369781494,5.409944534301758,4.739459712328789,8.0,8.0,21.840072631835938,3.1200106143951416,5.409944534301758,4.501223840908799,7.0,7.0,45.00012969970703,5.625016212463379,7.142200469970703,8.115182994640938,8.0,8.0,40.98358154296875,5.854797840118408,7.142200469970703,8.446687809346242,7.0,7.0,正确_SVO,错误_把字句,把字句,是,Yi-1.5-9B-Base,01-ai/Yi-1.5-9B
svo_preferred,叙述经历和日程,3,周末我去逛商场，买了一双鞋，晚上还,把那场电影看了,看了一场电影,svo,未运行,26.292665481567383,4.382111072540283,7.125051975250244,6.322049912978484,6.0,6.0,11.380765914916992,2.845191478729248,7.125051975250244,4.1047436367422225,4.0,4.0,38.182594299316406,6.363765716552734,7.036717891693115,9.18097324064983,6.0,6.0,28.390167236328125,7.097541809082031,7.036717891693115,10.239588370464729,4.0,4.0,正确_SVO,错误_把字句,把字句,是,Yi-1.5-9B-Base,01-ai/Yi-1.5-9B
svo_preferred,叙述经历和日程,4,早上时间太紧了，我匆匆忙忙刷了牙，洗了脸，然后,把鞋子穿上了,穿上了鞋子,svo,未运行,23.171127319335938,4.634225368499756,8.497526168823242,6.685773957496427,5.0,5.0,18.937833786010742,4.7344584465026855,8.497526168823242,6.83037972206429,4.0,4.0,33.62308883666992,6.724617958068848,7.036717891693115,9.701572979978794,5.0,5.0,30.910926818847656,7.727731704711914,7.036717891693115,11.148760207708294,4.0,4.0,错误_把字句,错误_把字句,把字句,是,Yi-1.5-9B-Base,01-ai/Yi-1.5-9B
svo_preferred,叙述经历和日程,5,昨天生日派对上，大家先唱了生日歌，又许了愿望，然后一起,把蛋糕切了,切了蛋糕,svo,未运行,17.11380386352539,3.4227607250213623,9.023852348327637,4.9379999241378325,5.0,5.0,13.879334449768066,3.4698336124420166,9.023852348327637,5.005911745379935,4.0,4.0,30.609237670898438,6.121847629547119,7.036717891693115,8.831959216225485,5.0,5.0,31.183881759643555,7.795970439910889,7.036717891693115,11.24720789257639,4.0,4.0,错误_把字句,错误_把字句,把字句,是,Yi-1.5-9B-Base,01-ai/Yi-1.5-9B
svo_preferred,叙述经历和日程,6,他走进房间，脱下外套，然后走到窗前默默地,把那支烟点了,点了一支烟,svo,未运行,31.46771240234375,5.244618892669678,7.808165550231934,7.566385667807111,6.0,6.0,15.819013595581055,3.1638028621673584,7.808165550231934,4.564402699599157,5.0,5.0,38.80109786987305,6.4668498039245605,7.036717891693115,9.329692142295729,6.0,6.0,30.201515197753906,6.0403032302856445,7.036717891693115,8.714315515798686,5.0,5.0,正确_SVO,错误_把字句,SVO,是,Yi-1.5-9B-Base,01-ai/Yi-1.5-9B
svo_preferred,叙述经历和日程,7,去北京旅行的时候，我们去了故宫，看了天安门，爬了长城，最后还,把烤鸭吃了,吃了烤鸭,svo,未运行,25.105064392089844,5.021012783050537,9.049025535583496,7.243790242347103,5.0,5.0,13.422170639038086,3.3555426597595215,9.049025535583496,4.8410247547264245,4.0,4.0,35.96688461303711,7.1933770179748535,7.036717891693115,10.37784935107696,5.0,5.0,29.250545501708984,7.312636375427246,7.036717891693115,10.549904234653132,4.0,4.0,正确_SVO,错误_把字句,把字句,是,Yi-1.5-9B-Base,01-ai/Yi-1.5-9B
svo_preferred,叙述经历和日程,8,经理先开了一个早会，然后回到办公室，开始,把那份年终报告写了,写那份年终报告,svo,未运行,35.28217697143555,5.8803629875183105,7.293734550476074,8.483570520719676,6.0,6.0,24.77907943725586,4.95581579208374,7.293734550476074,7.149730866798422,5.0,5.0,47.10115051269531,7.850192070007324,7.036717891693115,11.325433169425434,6.0,6.0,39.86212921142578,7.972425937652588,7.036717891693115,11.501779364105934,5.0,5.0,正确_SVO,错误_把字句,把字句,是,Yi-1.5-9B-Base,01-ai/Yi-1.5-9B
svo_preferred,叙述经历和日程,9,在音乐会上，大家都很安静，认真地,把那首钢琴曲听了,听那首钢琴曲,svo,未运行,30.038867950439453,4.291266918182373,9.145593643188477,6.190989501992575,7.0,7.0,21.18769645690918,3.531282901763916,9.145593643188477,5.09456433035079,6.0,6.0,39.554222106933594,5.650603294372559,7.036717891693115,8.15209735082213,7.0,7.0,33.70692443847656,5.617820739746094,7.036717891693115,8.104802121834858,6.0,6.0,正确_SVO,错误_把字句,SVO,是,Yi-1.5-9B-Base,01-ai/Yi-1.5-9B
svo_preferred,叙述经历和日程,10,到了海边，孩子们兴奋地脱掉鞋子，马上跑过去,把那些沙子踩了,踩那些沙子,svo,未运行,31.670026779174805,4.524289608001709,7.452528953552246,6.527170181009538,7.0,7.0,24.07701873779297,4.815403938293457,7.452528953552246,6.9471593816531545,5.0,5.0,44.84251403808594,6.406073570251465,7.036717891693115,9.242010571371646,7.0,7.0,39.203102111816406,7.840620517730713,7.036717891693115,11.311624338422357,5.0,5.0,错误_把字句,错误_把字句,把字句,是,Yi-1.5-9B-Base,01-ai/Yi-1.5-9B
svo_preferred,叙述经历和日程,11,饭后，我帮妈妈洗了碗，然后看了一会儿电视，就回到自己房间里,把作业写了,写作业了,svo,未运行,18.951183319091797,4.737795829772949,9.342530250549316,6.835194548357846,4.0,4.0,13.35450553894043,3.3386263847351074,9.342530250549316,4.816619728638388,4.0,4.0,30.738819122314453,7.684704780578613,7.036717891693115,11.086685477636475,4.0,4.0,27.240697860717773,6.810174465179443,7.036717891693115,9.825004928503033,4.0,4.0,正确_SVO,错误_把字句,SVO,是,Yi-1.5-9B-Base,01-ai/Yi-1.5-9B
svo_preferred,叙述经历和日程,12,昨天我去书店，先买了一本字典，然后去二楼,把那本画册买了,买了一本画册,svo,未运行,26.093154907226562,3.7275936603546143,6.639434337615967,5.377780888242741,7.0,7.0,16.361268997192383,2.7268781661987305,6.639434337615967,3.9340536074832992,6.0,6.0,40.95143127441406,5.850204944610596,7.036717891693115,8.4400616617738,7.0,7.0,34.36540222167969,5.727567195892334,7.036717891693115,8.263132789872177,6.0,6.0,正确_SVO,错误_把字句,SVO,是,Yi-1.5-9B-Base,01-ai/Yi-1.5-9B
svo_preferred,叙述经历和日程,13,早上我起床后，先喝了一杯温水，然后去厨房,把那块面包吃了,吃了一块面包,svo,未运行,28.434463500976562,4.739077568054199,8.263139724731445,6.837043705819922,6.0,6.0,18.101438522338867,3.6202876567840576,8.263139724731445,5.222971049033886,5.0,5.0,34.162498474121094,5.693749904632568,7.036717891693115,8.214344751475416,6.0,6.0,31.93589973449707,6.387179851531982,7.036717891693115,9.214752697071097,5.0,5.0,正确_SVO,错误_把字句,把字句,是,Yi-1.5-9B-Base,01-ai/Yi-1.5-9B
svo_preferred,叙述经历和日程,14,我们去公园玩，先散了步，看了花，然后在长椅上坐着,把那首中文歌听了,听了一首中文歌,svo,未运行,38.24723815917969,5.463891506195068,7.123892784118652,7.882729179942954,7.0,7.0,24.554508209228516,4.092418193817139,7.123892784118652,5.904111433463755,6.0,6.0,42.97262954711914,6.138947486877441,7.036717891693115,8.85662909559585,7.0,7.0,32.213417053222656,5.368903160095215,7.036717891693115,7.745689964082451,6.0,6.0,正确_SVO,错误_把字句,SVO,是,Yi-1.5-9B-Base,01-ai/Yi-1.5-9B
svo_preferred,叙述经历和日程,15,他走进办公室，先开了空调，然后坐下来,把那份总结写了,写了一份总结,svo,未运行,34.03840255737305,6.807680606842041,6.150225639343262,9.821407051446982,5.0,5.0,19.695743560791016,4.923935890197754,6.150225639343262,7.103737890443483,4.0,4.0,44.496665954589844,8.899333000183105,7.036717891693115,12.839023586583668,5.0,5.0,33.290069580078125,8.322517395019531,7.036717891693115,12.006854573506812,4.0,4.0,正确_SVO,错误_把字句,SVO,是,Yi-1.5-9B-Base,01-ai/Yi-1.5-9B
svo_preferred,叙述经历和日程,16,去商场购物时，我先买了一件衬衫，后来又去五楼,把那双凉鞋买了,买了一双凉鞋,svo,未运行,25.21234130859375,3.6017632484436035,6.154082298278809,5.19624597698571,7.0,7.0,12.346555709838867,2.0577592849731445,6.154082298278809,2.968719115773975,6.0,6.0,41.44929885864258,5.921328544616699,7.036717891693115,8.542671326792775,7.0,7.0,32.34324264526367,5.390540599822998,7.036717891693115,7.776906191075258,6.0,6.0,正确_SVO,错误_把字句,SVO,是,Yi-1.5-9B-Base,01-ai/Yi-1.5-9B
svo_preferred,叙述经历和日程,17,大家聚餐时，先喝了果汁，又聊了天，最后一起,把那瓶红酒喝了,喝了一瓶红酒,svo,未运行,25.49197006225586,4.248661994934082,9.246952056884766,6.12952359050481,6.0,6.0,18.075538635253906,3.615107774734497,9.246952056884766,5.215498058888595,5.0,5.0,35.547813415527344,5.924635887145996,7.036717891693115,8.547442813458312,6.0,6.0,30.25249481201172,6.050498962402344,7.036717891693115,8.72902484796168,5.0,5.0,正确_SVO,错误_把字句,把字句,是,Yi-1.5-9B-Base,01-ai/Yi-1.5-9B
svo_preferred,叙述经历和日程,18,在火车站候车时，我先查了时刻表，然后去书报亭,把那张地图买了,买了一张地图,svo,未运行,28.10604476928711,4.684340953826904,7.3519721031188965,6.758075463919152,6.0,6.0,12.841848373413086,3.2104620933532715,7.3519721031188965,4.631717741042765,4.0,4.0,40.67856979370117,6.779761791229248,7.036717891693115,9.781128714614912,6.0,6.0,33.22782897949219,8.306957244873047,7.036717891693115,11.984406022054992,4.0,4.0,正确_SVO,错误_把字句,把字句,是,Yi-1.5-9B-Base,01-ai/Yi-1.5-9B
svo_preferred,叙述经历和日程,19,回到家后，他先放下书包，脱了外套，然后去厨房,把那碗面条煮了,煮了一碗面条,svo,未运行,27.964651107788086,3.994950294494629,7.174820899963379,5.763494978465305,7.0,7.0,17.75428581237793,3.5508573055267334,7.174820899963379,5.122804225587765,5.0,5.0,41.581077575683594,5.940154075622559,7.036717891693115,8.56983082701703,7.0,7.0,33.0126953125,6.6025390625,7.036717891693115,9.525450362744415,5.0,5.0,正确_SVO,错误_把字句,把字句,是,Yi-1.5-9B-Base,01-ai/Yi-1.5-9B
svo_preferred,叙述经历和日程,20,准备开会前，我先打印了材料，然后去休息间,把那壶热茶泡了,泡了一壶热茶,svo,未运行,33.555511474609375,4.194438934326172,8.04539680480957,6.051296249863957,8.0,8.0,19.030941009521484,3.171823501586914,8.04539680480957,4.575974036314508,6.0,6.0,42.892372131347656,5.361546516418457,7.142200469970703,7.735076570732406,8.0,8.0,31.81127166748047,5.301878929138184,7.142200469970703,7.6489944384613455,6.0,6.0,正确_SVO,错误_把字句,SVO,是,Yi-1.5-9B-Base,01-ai/Yi-1.5-9B
svo_preferred,叙述经历和日程,21,回到家后，我先洗了手，然后去厨房,把那个西瓜切了,切了一个西瓜,svo,未运行,28.499370574951172,4.749895095825195,7.901012420654297,6.852650099489817,6.0,6.0,20.608415603637695,5.152103900909424,7.901012420654297,7.432914747986709,4.0,4.0,37.042057037353516,6.173676490783691,7.036717891693115,8.90673245730641,6.0,6.0,33.442047119140625,8.360511779785156,7.036717891693115,12.061668883989807,4.0,4.0,错误_把字句,错误_把字句,把字句,是,Yi-1.5-9B-Base,01-ai/Yi-1.5-9B
svo_preferred,叙述经历和日程,22,昨天去参观博物馆，我们先听了导游的讲解，最后在门口的纪念品店,把那张明信片买了,买了一张明信片,svo,未运行,28.041790008544922,3.5052237510681152,7.6771135330200195,5.056968922872181,8.0,8.0,15.171102523803711,2.528517246246338,7.6771135330200195,3.64787929196181,6.0,6.0,41.78229904174805,5.222787380218506,7.142200469970703,7.5348894530587,8.0,8.0,33.59810256958008,5.59968376159668,7.142200469970703,8.078635993401987,6.0,6.0,正确_SVO,错误_把字句,把字句,是,Yi-1.5-9B-Base,01-ai/Yi-1.5-9B
svo_preferred,叙述经历和日程,23,昨天我去医院看病，医生先问了情况，然后给我,把那些药开了,开了一些药,svo,未运行,30.513063430786133,6.1026129722595215,8.570164680480957,8.80420947154347,5.0,5.0,13.690114974975586,3.4225287437438965,8.570164680480957,4.937665245899254,4.0,4.0,42.786376953125,8.557275772094727,7.036717891693115,12.345539319920338,5.0,5.0,31.552654266357422,7.8881635665893555,7.036717891693115,11.380214459239461,4.0,4.0,正确_SVO,错误_把字句,SVO,是,Yi-1.5-9B-Base,01-ai/Yi-1.5-9B
svo_preferred,叙述经历和日程,24,他今天起得很早，洗漱完以后走到阳台，看着外面的风景安静地,把那杯温水喝了,喝了一杯温水,svo,未运行,30.131179809570312,5.0218634605407715,8.659235000610352,7.24501751054366,6.0,6.0,18.89101219177246,3.778202533721924,8.659235000610352,5.450794058874736,5.0,5.0,38.45991516113281,6.4099860191345215,7.036717891693115,9.247655041972962,6.0,6.0,30.48833656311035,6.097667217254639,7.036717891693115,8.797074255324473,5.0,5.0,正确_SVO,错误_把字句,SVO,是,Yi-1.5-9B-Base,01-ai/Yi-1.5-9B
svo_preferred,叙述经历和日程,25,到了火车站，我们先取了票，然后去候车室,把那个座位找到了,找到了一个座位,svo,未运行,30.59808349609375,6.119616985321045,7.107602596282959,8.82874107686254,5.0,5.0,18.206466674804688,4.551616668701172,7.107602596282959,6.566594795962724,4.0,4.0,41.71872329711914,8.343745231628418,7.036717891693115,12.037479868111255,5.0,5.0,31.343379974365234,7.835844993591309,7.036717891693115,11.304734713428793,4.0,4.0,正确_SVO,错误_把字句,SVO,是,Yi-1.5-9B-Base,01-ai/Yi-1.5-9B
svo_preferred,叙述经历和日程,26,会议开始前，秘书先给大家发了材料，然后走到台前,把那台投影仪打开了,打开了投影仪,svo,未运行,29.80167007446289,4.257381439208984,7.299609661102295,6.142103089519519,7.0,7.0,17.618804931640625,4.404701232910156,7.299609661102295,6.354640625316986,4.0,4.0,43.61346435546875,6.230494976043701,7.036717891693115,8.988704204221849,7.0,7.0,31.822498321533203,7.955624580383301,7.036717891693115,11.47754012929333,4.0,4.0,错误_把字句,错误_把字句,把字句,是,Yi-1.5-9B-Base,01-ai/Yi-1.5-9B
svo_preferred,叙述经历和日程,27,上车以后，他先系好了安全带，然后慢慢地,把汽车发动了,发动了汽车,svo,未运行,17.390026092529297,3.4780051708221436,7.880949974060059,5.017700812131279,5.0,5.0,12.667608261108398,3.1669020652770996,7.880949974060059,4.568873904556288,4.0,4.0,32.47669219970703,6.495338439941406,7.036717891693115,9.370792556198923,5.0,5.0,30.853742599487305,7.713435649871826,7.036717891693115,11.128135360286223,4.0,4.0,正确_SVO,错误_把字句,把字句,是,Yi-1.5-9B-Base,01-ai/Yi-1.5-9B
svo_preferred,叙述经历和日程,28,经理上午到了公司，先给自己倒了水，然后坐下来打开电脑,把那份文件看了,看了一份文件,svo,未运行,27.541528701782227,5.50830602645874,5.783776760101318,7.946805788070816,5.0,5.0,18.05116844177246,4.512792110443115,5.783776760101318,6.510582798299122,4.0,4.0,39.488033294677734,7.89760684967041,7.036717891693115,11.39383823691021,5.0,5.0,32.33177947998047,8.082944869995117,7.036717891693115,11.661224479720843,4.0,4.0,正确_SVO,错误_把字句,把字句,是,Yi-1.5-9B-Base,01-ai/Yi-1.5-9B
svo_preferred,叙述经历和日程,29,下午的汉语课结束以后，我去了一趟图书馆，在三楼,把那两本小说借了,借了两本小说,svo,未运行,28.7319278717041,3.5914909839630127,7.974334239959717,5.181426231960862,8.0,8.0,16.5102596282959,3.3020520210266113,7.974334239959717,4.763854075492471,5.0,5.0,43.741477966308594,5.467684745788574,7.142200469970703,7.888201667893409,8.0,8.0,33.16217803955078,6.6324357986450195,7.142200469970703,9.568582235719601,5.0,5.0,正确_SVO,错误_把字句,把字句,是,Yi-1.5-9B-Base,01-ai/Yi-1.5-9B
svo_preferred,叙述经历和日程,30,下了飞机，我们先取了行李，然后在停车场,把我的车开走了,开走了我的车,svo,未运行,20.73048210144043,3.455080509185791,5.832971096038818,4.984627516474456,6.0,6.0,19.27043914794922,3.8540878295898438,5.832971096038818,5.560273398899776,5.0,5.0,32.41325759887695,5.402209758758545,7.036717891693115,7.793741228802916,6.0,6.0,36.25050735473633,7.250101566314697,7.036717891693115,10.45968557566352,5.0,5.0,错误_把字句,错误_把字句,把字句,是,Yi-1.5-9B-Base,01-ai/Yi-1.5-9B
svo_preferred,叙述经历和日程,31,进门后，他先脱了鞋，然后把包放下，又给自己,把那杯热水接好了,接好了一杯热水,svo,未运行,37.93071746826172,5.418673992156982,10.173392295837402,7.817494096678881,7.0,7.0,25.029850006103516,4.171641826629639,10.173392295837402,6.018406975643557,6.0,6.0,48.195518493652344,6.885074615478516,7.036717891693115,9.933063003901342,7.0,7.0,40.8879280090332,6.81465482711792,7.036717891693115,9.83146872445306,6.0,6.0,正确_SVO,错误_把字句,SVO,是,Yi-1.5-9B-Base,01-ai/Yi-1.5-9B
svo_preferred,叙述经历和日程,32,我们先去了博物馆，然后去了公园，最后在街角,把那杯奶茶喝了,喝了一杯奶茶,svo,未运行,30.85028076171875,5.141713619232178,8.356205940246582,7.417924740137507,6.0,6.0,18.2784423828125,3.655688524246216,8.356205940246582,5.274043704964709,5.0,5.0,35.841163635253906,5.973527431488037,7.036717891693115,8.61797840202198,6.0,6.0,28.14458656311035,5.628917217254639,7.036717891693115,8.120810954907771,5.0,5.0,正确_SVO,错误_把字句,SVO,是,Yi-1.5-9B-Base,01-ai/Yi-1.5-9B
svo_preferred,叙述经历和日程,33,老师走进教室，把书本放在讲台上，然后转身在黑板上,把那个生词写了,写了一个生词,svo,未运行,32.12501907348633,5.354169845581055,8.117427825927734,7.724434284297015,6.0,6.0,19.925025939941406,3.9850051403045654,8.117427825927734,5.749147153834425,5.0,5.0,42.579647064208984,7.0966081619262695,7.036717891693115,10.23824140234317,6.0,6.0,35.35523986816406,7.071048259735107,7.036717891693115,10.201366258206376,5.0,5.0,正确_SVO,错误_把字句,SVO,是,Yi-1.5-9B-Base,01-ai/Yi-1.5-9B
svo_preferred,叙述经历和日程,34,晚饭做好了，大家先去洗了手，然后在客厅里一边聊天一边,把水果吃了,吃水果,svo,未运行,27.315975189208984,6.828993797302246,10.06140422821045,9.852155485629442,4.0,4.0,16.813079833984375,5.604360103607178,10.06140422821045,8.085382528830033,3.0,3.0,30.570711135864258,7.6426777839660645,7.036717891693115,11.026053338040095,4.0,4.0,23.732023239135742,7.910674571990967,7.036717891693115,11.41269097509779,3.0,3.0,正确_SVO,错误_把字句,把字句,是,Yi-1.5-9B-Base,01-ai/Yi-1.5-9B
svo_preferred,叙述经历和日程,35,他打开电脑，输入了密码，然后点开浏览器,把那条新闻看了,看了一条新闻,svo,未运行,26.626251220703125,4.437708854675293,5.252702713012695,6.402260557549087,6.0,6.0,18.186485290527344,4.546621322631836,5.252702713012695,6.5593880349609694,4.0,4.0,38.139278411865234,6.356546401977539,7.036717891693115,9.17055797131358,6.0,6.0,30.804447174072266,7.701111793518066,7.036717891693115,11.110355793840025,4.0,4.0,错误_把字句,错误_把字句,把字句,是,Yi-1.5-9B-Base,01-ai/Yi-1.5-9B
svo_preferred,叙述经历和日程,36,周末我们在家里大扫除，先擦了窗户，洗了衣服，然后下楼,把那两袋垃圾扔了,扔了两袋垃圾,svo,未运行,28.329395294189453,3.5411744117736816,8.934398651123047,5.108834762788783,8.0,8.0,21.298364639282227,4.259673118591309,8.934398651123047,6.145409283999706,5.0,5.0,40.18057632446289,5.022572040557861,7.142200469970703,7.246039775420388,8.0,8.0,36.623321533203125,7.32466459274292,7.142200469970703,10.567257284125189,5.0,5.0,错误_把字句,错误_把字句,把字句,是,Yi-1.5-9B-Base,01-ai/Yi-1.5-9B
svo_preferred,叙述经历和日程,37,昨天我去菜市场，买了青菜，买了豆腐，最后为了招待客人还,把那条鱼买了,买了一条鱼,svo,未运行,25.659637451171875,4.276606559753418,8.460990905761719,6.169839075589467,6.0,6.0,13.069320678710938,3.2673301696777344,8.460990905761719,4.713761032740963,4.0,4.0,35.07379150390625,5.845632076263428,7.036717891693115,8.433464407286703,6.0,6.0,31.108318328857422,7.7770795822143555,7.036717891693115,11.219954145859463,4.0,4.0,正确_SVO,错误_把字句,把字句,是,Yi-1.5-9B-Base,01-ai/Yi-1.5-9B
svo_preferred,叙述经历和日程,38,到了银行，他先拿了号，然后在休息区的沙发上,把那本杂志看了,看了一本杂志,svo,未运行,26.856651306152344,4.476108551025391,7.715994358062744,6.457659609045015,6.0,6.0,20.144987106323242,4.028997421264648,7.715994358062744,5.81261459941293,5.0,5.0,38.3886833190918,6.398114204406738,7.036717891693115,9.230527633738838,6.0,6.0,31.973182678222656,6.394636631011963,7.036717891693115,9.225510555847867,5.0,5.0,正确_SVO,错误_把字句,SVO,是,Yi-1.5-9B-Base,01-ai/Yi-1.5-9B
svo_preferred,叙述经历和日程,39,昨天面试的时候，他先介绍了自己，然后回答了问题，最后给面试官,把那份简历留下了,留下了一份简历,svo,未运行,33.07599639892578,6.615199565887451,7.669051170349121,9.54371560819665,5.0,5.0,16.258575439453125,4.064643859863281,7.669051170349121,5.864041539604531,4.0,4.0,43.40899658203125,8.68179988861084,7.036717891693115,12.525189645289213,5.0,5.0,34.784297943115234,8.696074485778809,7.036717891693115,12.545783535834131,4.0,4.0,正确_SVO,错误_把字句,把字句,是,Yi-1.5-9B-Base,01-ai/Yi-1.5-9B
svo_preferred,叙述经历和日程,40,妈妈回到家，先换了衣服，然后去厨房系上围裙，开始,把晚餐做了,做晚餐,svo,未运行,26.690574645996094,6.672643661499023,9.162288665771484,9.626589920063816,4.0,4.0,13.360735893249512,4.453578948974609,9.162288665771484,6.425156263893151,3.0,3.0,33.97995376586914,8.494988441467285,7.036717891693115,12.255677696913917,4.0,4.0,26.688880920410156,8.896293640136719,7.036717891693115,12.834638716917269,3.0,3.0,正确_SVO,错误_把字句,把字句,是,Yi-1.5-9B-Base,01-ai/Yi-1.5-9B
svo_preferred,叙述经历和日程,41,到了酒店，我们先在前台拿了房卡，坐电梯上楼放好行李，接着就,把那瓶矿泉水喝了,喝了一瓶矿泉水,svo,未运行,33.90300369262695,4.843286514282227,9.24720287322998,6.9873854357593626,7.0,7.0,26.41391372680664,4.402318954467773,9.24720287322998,6.3512037240221435,6.0,6.0,36.26112365722656,5.1801605224609375,7.036717891693115,7.473391896763177,7.0,7.0,29.178449630737305,4.863075256347656,7.036717891693115,7.0159345558025885,6.0,6.0,正确_SVO,错误_把字句,SVO,是,Yi-1.5-9B-Base,01-ai/Yi-1.5-9B
svo_preferred,叙述经历和日程,42,陪奶奶去医院看病，我们先排队挂号，看完医生后去一楼,把那几盒感冒药买了,买了几盒感冒药,svo,未运行,37.47166442871094,4.683958053588867,7.329287052154541,6.7575230556445804,8.0,8.0,24.119131088256836,4.019855499267578,7.329287052154541,5.799425593883563,6.0,6.0,46.07114028930664,5.75889253616333,7.142200469970703,8.308325702935303,8.0,8.0,36.94351577758789,6.157252788543701,7.142200469970703,8.883038063531739,6.0,6.0,正确_SVO,错误_把字句,把字句,是,Yi-1.5-9B-Base,01-ai/Yi-1.5-9B
svo_preferred,叙述经历和日程,43,打开包裹后，她先看了看说明书，然后小心地从盒子里,把那个新手机拿出来了,拿出来了一个新手机,svo,未运行,32.82378387451172,4.689112186431885,9.139150619506836,6.7649588975372845,7.0,7.0,28.232959747314453,5.646592140197754,9.139150619506836,8.146310478585898,5.0,5.0,44.383209228515625,6.340458869934082,7.036717891693115,9.147348568614342,7.0,7.0,38.7788200378418,7.755764007568359,7.036717891693115,11.189202272023985,5.0,5.0,错误_把字句,错误_把字句,把字句,是,Yi-1.5-9B-Base,01-ai/Yi-1.5-9B
svo_preferred,叙述经历和日程,44,我们先去前台办了入住，然后拿着房卡，上楼去,把我们的房间找到了,找到了我们的房间,svo,未运行,25.704051971435547,5.140810489654541,7.173507213592529,7.41662179957457,5.0,5.0,16.6651554107666,4.16628885269165,7.173507213592529,6.010684266689213,4.0,4.0,39.877235412597656,7.975447177886963,7.036717891693115,11.506138092409401,5.0,5.0,34.084129333496094,8.521032333374023,7.036717891693115,12.293251090613216,4.0,4.0,正确_SVO,错误_把字句,把字句,是,Yi-1.5-9B-Base,01-ai/Yi-1.5-9B
svo_preferred,叙述经历和日程,45,过了机场安检，距离起飞还有很长时间，我就去旁边的书店,把那本杂志买了,买了一本杂志,svo,未运行,25.1214599609375,4.186910152435303,7.487064361572266,6.0404345135660655,6.0,6.0,15.688947677612305,3.137789487838745,7.487064361572266,4.526873333458478,5.0,5.0,38.7011833190918,6.450197219848633,7.036717891693115,9.305667541831403,6.0,6.0,31.825641632080078,6.365128517150879,7.036717891693115,9.182939346314495,5.0,5.0,正确_SVO,错误_把字句,SVO,是,Yi-1.5-9B-Base,01-ai/Yi-1.5-9B
svo_preferred,叙述经历和日程,46,下午我们去公园散步，在湖边坐了一会儿，然后拿出面包,把那几只天鹅喂了,喂了几只天鹅,svo,未运行,33.936279296875,4.242034912109375,8.585692405700684,6.119962730978045,8.0,8.0,16.442598342895508,3.2885196208953857,8.585692405700684,4.744330948931827,5.0,5.0,45.04346466064453,5.630433082580566,7.142200469970703,8.122997886296142,8.0,8.0,36.83244323730469,7.366488933563232,7.142200469970703,10.627597053215105,5.0,5.0,正确_SVO,错误_把字句,把字句,是,Yi-1.5-9B-Base,01-ai/Yi-1.5-9B
svo_preferred,叙述经历和日程,47,电影开场前，我们先买了爆米花，然后向工作人员,把那两张票买了,买了两张票,svo,未运行,34.11863708496094,5.686439514160156,8.286051750183105,8.203798087393904,6.0,6.0,17.97812843322754,4.494532108306885,8.286051750183105,6.48423918377056,4.0,4.0,39.724586486816406,6.62076473236084,7.036717891693115,9.55174444626953,6.0,6.0,29.625425338745117,7.406356334686279,7.036717891693115,10.685113555108455,4.0,4.0,正确_SVO,错误_把字句,把字句,是,Yi-1.5-9B-Base,01-ai/Yi-1.5-9B
svo_preferred,叙述经历和日程,48,搬家那天特别累，把东西都搬进新家后，大家去楼下的餐厅,把那顿火锅吃了,吃了顿火锅,svo,未运行,32.338279724121094,5.389713287353516,9.917838096618652,7.77571263147827,6.0,6.0,16.753389358520508,4.188347339630127,9.917838096618652,6.042507936404867,4.0,4.0,39.61809158325195,6.603015422821045,7.036717891693115,9.526137605417263,6.0,6.0,29.79070472717285,7.447676181793213,7.036717891693115,10.744725493619919,4.0,4.0,正确_SVO,错误_把字句,把字句,是,Yi-1.5-9B-Base,01-ai/Yi-1.5-9B
svo_preferred,叙述经历和日程,49,她拆开信封，拿出信纸，坐在桌子前认真地,把这封信读了一遍,读了一遍这封信,svo,未运行,19.296287536621094,3.216048002243042,8.489230155944824,4.639776504096894,6.0,6.0,21.296039581298828,4.2592082023620605,8.489230155944824,6.144738551661342,5.0,5.0,34.123390197753906,5.68723201751709,7.036717891693115,8.20494142805684,6.0,6.0,35.950286865234375,7.190057277679443,7.036717891693115,10.373059978215734,5.0,5.0,错误_把字句,错误_把字句,把字句,是,Yi-1.5-9B-Base,01-ai/Yi-1.5-9B
svo_preferred,叙述经历和日程,50,晚上加完班回到家，他先洗了一个热水澡，然后躺在沙发上,把那首老歌听了一遍,听了一遍那首老歌,svo,未运行,32.54436492919922,4.068045616149902,6.928834915161133,5.868949236529552,8.0,8.0,30.474224090576172,4.353460788726807,6.928834915161133,6.2807162906007195,7.0,7.0,38.223350524902344,4.777918815612793,7.142200469970703,6.893079781054646,8.0,8.0,39.27567672729492,5.610811233520508,7.142200469970703,8.094689541964124,7.0,7.0,错误_把字句,错误_把字句,把字句,是,Yi-1.5-9B-Base,01-ai/Yi-1.5-9B
