dataset,type,example_id,context,ba_sent,svo_sent,gold,macbert_miss_svo,ctx_ba_sum_surp,ctx_ba_mean_surp,ctx_ba_first_token_surp,ctx_ba_bits_per_token,ctx_ba_cont_token_count,ctx_ba_scored_token_count,ctx_svo_sum_surp,ctx_svo_mean_surp,ctx_svo_first_token_surp,ctx_svo_bits_per_token,ctx_svo_cont_token_count,ctx_svo_scored_token_count,noctx_ba_sum_surp,noctx_ba_mean_surp,noctx_ba_first_token_surp,noctx_ba_bits_per_token,noctx_ba_cont_token_count,noctx_ba_scored_token_count,noctx_svo_sum_surp,noctx_svo_mean_surp,noctx_svo_first_token_surp,noctx_svo_bits_per_token,noctx_svo_cont_token_count,noctx_svo_scored_token_count,ctx_prefer_mean,ctx_prefer_first_token,noctx_prefer_mean,context_helped_mean,model,model_id
ba_preferred,物理状态改变,1,那个苹果坏了，我,把它扔了,扔了它,ba,未运行,4.858028411865234,1.6193428039550781,2.940180778503418,2.3362178327652203,3.0,3.0,9.19167709350586,3.063892364501953,5.690180778503418,4.420262320084528,3.0,3.0,11.552178382873535,5.776089191436768,9.599153518676758,8.333135232218167,3.0,2.0,15.867522239685059,7.933761119842529,8.567232131958008,11.445997823194487,3.0,2.0,正确_把字句,正确_把字句,把字句,是,Qwen3-1.7B-Base,Qwen/Qwen3-1.7B-Base
ba_preferred,物理状态改变,2,这杯牛奶太凉了，弟弟刚才,把它加热了,加热了它,ba,未运行,13.496450424194336,4.498816967010498,7.085089683532715,6.490420928173173,3.0,3.0,14.897690773010254,4.965897083282471,9.585089683532715,7.164275095616588,3.0,3.0,13.344968795776367,6.672484397888184,11.231966018676758,9.626360151242263,3.0,2.0,15.890729904174805,7.945364952087402,8.341551780700684,11.462738614429473,3.0,2.0,正确_把字句,正确_把字句,把字句,是,Qwen3-1.7B-Base,Qwen/Qwen3-1.7B-Base
ba_preferred,物理状态改变,3,衬衫上有一块咖啡渍，我昨天,把它洗干净了,洗干净了它,ba,未运行,9.172910690307617,3.0576369762420654,6.192394733428955,4.411237702463153,3.0,3.0,13.612996101379395,4.537665367126465,7.692394733428955,6.546467322366949,3.0,3.0,11.995260238647461,5.9976301193237305,11.333528518676758,8.652751230234628,3.0,2.0,17.456457138061523,8.728228569030762,8.495885848999023,12.592172072286054,3.0,2.0,正确_把字句,正确_把字句,把字句,是,Qwen3-1.7B-Base,Qwen/Qwen3-1.7B-Base
ba_preferred,物理状态改变,4,这块蛋糕太甜了，但我还是,把它吃完了,吃完了它,ba,未运行,7.693808555603027,2.564602851867676,4.411220550537109,3.6999398162391888,3.0,3.0,10.639835357666016,3.546611785888672,4.036220550537109,5.116679235459937,3.0,3.0,13.797466278076172,6.898733139038086,11.614778518676758,9.952768088106598,3.0,2.0,21.671558380126953,10.835779190063477,11.673677444458008,15.632724901672407,3.0,2.0,正确_把字句,错误_SVO,把字句,是,Qwen3-1.7B-Base,Qwen/Qwen3-1.7B-Base
ba_preferred,物理状态改变,5,刚才有一只蚊子，我一巴掌,把它打死了,打死了它,ba,未运行,3.683751344680786,1.227917194366455,2.1911964416503906,1.7715100469347742,3.0,3.0,2.896959066390991,0.9656530618667603,1.191196322441101,1.3931428835744184,3.0,3.0,16.848852157592773,8.424426078796387,9.82430648803711,12.153877726215203,3.0,2.0,14.865238189697266,7.432619094848633,7.3359527587890625,10.72300270895474,3.0,2.0,错误_SVO,错误_SVO,SVO,是,Qwen3-1.7B-Base,Qwen/Qwen3-1.7B-Base
ba_preferred,物理状态改变,6,桌子上的那张废纸，我,把它撕了,撕了它,ba,未运行,6.652908802032471,2.2176363468170166,2.7910635471343994,3.199372960048027,3.0,3.0,8.656952857971191,2.885651111602783,5.04106330871582,4.16311454844506,3.0,3.0,13.933683395385742,6.966841697692871,11.52743148803711,10.051027967919952,3.0,2.0,16.795682907104492,8.397841453552246,8.679258346557617,12.11552421921159,3.0,2.0,正确_把字句,正确_把字句,把字句,是,Qwen3-1.7B-Base,Qwen/Qwen3-1.7B-Base
ba_preferred,物理状态改变,7,这个旧手机没用了，我准备,把它卖了,卖了它,ba,未运行,6.1948394775390625,2.0649466514587402,2.8646154403686523,2.9790882937597956,3.0,3.0,7.025379657745361,2.3417932987213135,2.9896154403686523,3.378493578852246,3.0,3.0,11.134815216064453,5.567407608032227,10.708528518676758,8.032071346715579,3.0,2.0,17.28130531311035,8.640652656555176,8.561079025268555,12.4658267376562,3.0,2.0,正确_把字句,正确_把字句,把字句,是,Qwen3-1.7B-Base,Qwen/Qwen3-1.7B-Base
ba_preferred,物理状态改变,8,这封信是写给你的，我,把它拆开了,拆开了它,ba,未运行,15.46485424041748,5.154951572418213,7.374180793762207,7.43702306955052,3.0,3.0,16.683753967285156,5.561251640319824,9.999180793762207,8.023190162625024,3.0,3.0,16.027111053466797,8.013555526733398,10.771028518676758,11.561116818306619,3.0,2.0,15.142602920532227,7.571301460266113,8.559732437133789,10.92307906980129,3.0,2.0,正确_把字句,正确_把字句,SVO,是,Qwen3-1.7B-Base,Qwen/Qwen3-1.7B-Base
ba_preferred,物理状态改变,9,那个花瓶快掉下来了，幸好我,把它抓住了,抓住了它,ba,未运行,7.562483787536621,2.5208280086517334,4.4962005615234375,3.6367860670158567,3.0,3.0,6.604706287384033,2.201568841934204,4.8712005615234375,3.1761924504341343,3.0,3.0,12.21590805053711,6.107954025268555,10.93368148803711,8.811914982232727,3.0,2.0,15.445486068725586,7.722743034362793,8.42385482788086,11.141563077734988,3.0,2.0,错误_SVO,正确_把字句,把字句,是,Qwen3-1.7B-Base,Qwen/Qwen3-1.7B-Base
ba_preferred,物理状态改变,10,这首曲子太吵了，我,把它关了,关了它,ba,未运行,11.6730375289917,3.891012668609619,7.176479339599609,5.6135446810392295,3.0,3.0,10.649276733398438,3.5497589111328125,6.051479339599609,5.121219577442715,3.0,3.0,13.571739196777344,6.785869598388672,10.13680648803711,9.789940417714519,3.0,2.0,17.796295166015625,8.898147583007812,8.494601249694824,12.837313391103487,3.0,2.0,错误_SVO,错误_SVO,把字句,是,Qwen3-1.7B-Base,Qwen/Qwen3-1.7B-Base
ba_preferred,物理状态改变,11,我的旧电脑太慢了，昨天我,把它换了,换了它,ba,未运行,7.089673042297363,3.5448365211486816,3.7030084133148193,5.114118069823288,2.0,2.0,10.413544654846191,5.206772327423096,3.7030084133148193,7.5117846158111865,2.0,2.0,9.90243148803711,9.90243148803711,9.90243148803711,14.286188800533857,2.0,1.0,9.230072021484375,9.230072021484375,9.230072021484375,13.316179132443478,2.0,1.0,正确_把字句,错误_SVO,SVO,是,Qwen3-1.7B-Base,Qwen/Qwen3-1.7B-Base
ba_preferred,物理状态改变,12,汤里掉进了一只苍蝇，我只能,把它倒了,倒了它,ba,未运行,13.177610397338867,4.3925371170043945,3.8089003562927246,6.337091515622944,3.0,3.0,14.13988971710205,4.713296890258789,8.183900833129883,6.799850049813728,3.0,3.0,13.945839881896973,6.972919940948486,9.40243148803711,10.059797019322145,3.0,2.0,17.288087844848633,8.644043922424316,8.59884262084961,12.470719300107945,3.0,2.0,正确_把字句,正确_把字句,把字句,是,Qwen3-1.7B-Base,Qwen/Qwen3-1.7B-Base
ba_preferred,物理状态改变,13,这张照片拍得不好看，我,把它删了,删了它,ba,未运行,7.446722030639648,2.482240676879883,4.359547138214111,3.581116314827471,3.0,3.0,11.195232391357422,3.7317442893981934,6.984547138214111,5.3837689801804824,3.0,3.0,11.175477981567383,5.587738990783691,9.989778518676758,8.061403331785533,3.0,2.0,16.310440063476562,8.155220031738281,8.145736694335938,11.765495497147153,3.0,2.0,正确_把字句,正确_把字句,把字句,是,Qwen3-1.7B-Base,Qwen/Qwen3-1.7B-Base
ba_preferred,物理状态改变,14,那盘饺子不能剩下，弟弟刚刚,把它吃掉了,吃掉了它,ba,未运行,11.637741088867188,3.8792471885681152,6.37894344329834,5.596570681329673,3.0,3.0,11.605642318725586,3.8685474395751953,3.003943681716919,5.581134206518831,3.0,3.0,13.797466278076172,6.898733139038086,11.614778518676758,9.952768088106598,3.0,2.0,16.019378662109375,8.009689331054688,8.142427444458008,11.555539076973837,3.0,2.0,错误_SVO,错误_SVO,把字句,是,Qwen3-1.7B-Base,Qwen/Qwen3-1.7B-Base
ba_preferred,物理状态改变,15,这个包裹的胶带太紧了，我,把它剪开了,剪开了它,ba,未运行,9.661164283752441,3.220388174057007,3.60016131401062,4.646038048449507,3.0,3.0,13.294920921325684,4.431640625,7.100161552429199,6.393505952689567,3.0,3.0,13.935413360595703,6.967706680297852,9.82430648803711,10.052275874034613,3.0,2.0,15.28985595703125,7.644927978515625,8.538079261779785,11.029299682557781,3.0,2.0,正确_把字句,正确_把字句,把字句,是,Qwen3-1.7B-Base,Qwen/Qwen3-1.7B-Base
ba_preferred,物理状态改变,16,这件衣服破了一个洞，妈妈已经,把它缝好了,缝好了它,ba,未运行,5.053382396697998,1.6844608783721924,2.1342053413391113,2.430163355799029,3.0,3.0,11.7711763381958,3.9237256050109863,3.6342053413391113,5.660739472158398,3.0,3.0,14.967582702636719,7.483791351318359,11.07430648803711,10.796828669594712,3.0,2.0,17.73927116394043,8.869635581970215,9.927398681640625,12.796179268600724,3.0,2.0,正确_把字句,正确_把字句,把字句,是,Qwen3-1.7B-Base,Qwen/Qwen3-1.7B-Base
ba_preferred,物理状态改变,17,那个面包已经发霉了，我早上,把它丢掉了,丢掉了它,ba,未运行,10.550850868225098,3.5169503688812256,5.402812957763672,5.0738868562375545,3.0,3.0,13.240132331848145,4.41337776184082,7.277812957763672,6.367158210577384,3.0,3.0,13.523737907409668,6.761868953704834,9.69930648803711,9.755314806651008,3.0,2.0,15.165541648864746,7.582770824432373,8.048837661743164,10.939625864606102,3.0,2.0,正确_把字句,正确_把字句,把字句,是,Qwen3-1.7B-Base,Qwen/Qwen3-1.7B-Base
ba_preferred,物理状态改变,18,这碗汤实在太咸了，我加了一些水,把它冲淡了,冲淡了它,ba,未运行,10.128337860107422,2.5320844650268555,5.519118309020996,3.6530257008062286,4.0,4.0,10.358548164367676,2.589637041091919,6.394118309020996,3.7360565168856805,4.0,4.0,14.786866188049316,4.928955554962158,9.41805648803711,7.110979735906015,4.0,3.0,20.870737075805664,6.956912517547607,12.120492935180664,10.036703188964287,4.0,3.0,正确_把字句,正确_把字句,把字句,是,Qwen3-1.7B-Base,Qwen/Qwen3-1.7B-Base
ba_preferred,物理状态改变,19,厨房的窗户太脏了，我用抹布,把它擦干净了,擦干净了它,ba,未运行,6.482383728027344,1.620595932006836,4.7095818519592285,2.33802571439109,4.0,4.0,9.436368942260742,2.3590922355651855,0.7095819711685181,3.4034506692495516,4.0,4.0,16.220483779907227,5.406827926635742,11.90243148803711,7.800403836697342,4.0,3.0,20.49896812438965,6.832989692687988,10.731243133544922,9.857920344086363,4.0,3.0,正确_把字句,错误_SVO,把字句,是,Qwen3-1.7B-Base,Qwen/Qwen3-1.7B-Base
ba_preferred,物理状态改变,20,这个西瓜太大了，我一个人吃不完，先用刀,把它切开了,切开了它,ba,未运行,9.667195320129395,3.222398519515991,3.338150978088379,4.6489383638736586,3.0,3.0,11.86055850982666,3.953519582748413,0.9631508588790894,5.70372309608854,3.0,3.0,17.631492614746094,8.815746307373047,10.99618148803711,12.718433479382286,3.0,2.0,18.05534553527832,9.02767276763916,8.704244613647461,13.02417873264136,3.0,2.0,正确_把字句,错误_SVO,把字句,是,Qwen3-1.7B-Base,Qwen/Qwen3-1.7B-Base
ba_preferred,物理状态改变,21,那张画被妹妹涂得乱七八糟，我只能,把它扔了,扔了它,ba,未运行,8.671258926391602,2.8904197216033936,3.911163330078125,4.169994198444874,3.0,3.0,12.256516456604004,4.085505485534668,7.536163330078125,5.8941385035055225,3.0,3.0,11.568639755249023,5.784319877624512,9.60555648803711,8.345009602364339,3.0,2.0,15.90498161315918,7.95249080657959,8.594274520874023,11.473019049367448,3.0,2.0,正确_把字句,正确_把字句,把字句,是,Qwen3-1.7B-Base,Qwen/Qwen3-1.7B-Base
ba_preferred,物理状态改变,22,昨天买的肉还没吃，为了保鲜，我先,把它冻起来了,冻起来了它,ba,未运行,9.4125337600708,3.1375112533569336,2.0022711753845215,4.526471925951364,3.0,3.0,16.760528564453125,5.586843013763428,5.0022711753845215,8.060110710181648,3.0,3.0,14.905158996582031,7.452579498291016,10.08993148803711,10.751799484015207,3.0,2.0,22.253742218017578,11.126871109008789,12.953483581542969,16.05268176957766,3.0,2.0,正确_把字句,正确_把字句,把字句,是,Qwen3-1.7B-Base,Qwen/Qwen3-1.7B-Base
ba_preferred,物理状态改变,23,我的鞋子昨天淋湿了，我用吹风机,把它吹干了,吹干了它,ba,未运行,4.440489768981934,1.1101224422454834,3.9553709030151367,1.6015681422071038,4.0,4.0,5.759363174438477,1.4398407936096191,0.3303709030151367,2.077251172610227,4.0,4.0,14.256387710571289,4.752129554748535,8.444504737854004,6.8558737422975895,4.0,3.0,21.765422821044922,7.255141258239746,10.090459823608398,10.466956314211396,4.0,3.0,正确_把字句,错误_SVO,把字句,是,Qwen3-1.7B-Base,Qwen/Qwen3-1.7B-Base
ba_preferred,物理状态改变,24,这个汉堡实在太大了，但我太饿了，最后还是,把它吃光了,吃光了它,ba,未运行,8.128351211547852,2.032087802886963,4.0133514404296875,2.931682995875971,4.0,4.0,10.04555892944336,2.51138973236084,2.5133512020111084,3.6231695126164447,4.0,4.0,15.636509895324707,5.212170124053955,11.624192237854004,7.519571990242254,4.0,3.0,20.913156509399414,6.971052169799805,11.596835136413574,10.057102395148426,4.0,3.0,正确_把字句,错误_SVO,把字句,是,Qwen3-1.7B-Base,Qwen/Qwen3-1.7B-Base
ba_preferred,物理状态改变,25,那封旧情书，他用打火机,把它烧了,烧了它,ba,未运行,6.52479362487793,2.174931287765503,4.7187886238098145,3.1377625831335383,3.0,3.0,8.324028968811035,2.7746763229370117,3.3437886238098145,4.0030117711732505,3.0,3.0,11.89014720916748,5.94507360458374,10.74618148803711,8.576928207052836,3.0,2.0,17.466388702392578,8.733194351196289,8.664480209350586,12.599336181590395,3.0,2.0,正确_把字句,错误_SVO,把字句,是,Qwen3-1.7B-Base,Qwen/Qwen3-1.7B-Base
ba_preferred,物理状态改变,26,这篇作文有很多错别字，昨天晚上我已经,把那些字修改了,修改了那些字,ba,未运行,16.61717987060547,3.3234360218048096,2.4811043739318848,4.794704667369544,5.0,5.0,15.476728439331055,3.8691821098327637,2.7311043739318848,5.582049842152025,4.0,4.0,26.35796356201172,6.58949089050293,10.592723846435547,9.506625829711576,5.0,4.0,21.686141967773438,7.2287139892578125,8.225372314453125,10.428829824306922,4.0,3.0,正确_把字句,正确_把字句,把字句,是,Qwen3-1.7B-Base,Qwen/Qwen3-1.7B-Base
ba_preferred,物理状态改变,27,墙上的那个钉子太危险，爸爸用锤子,把它拔出来了,拔出它来了,ba,未运行,6.33096170425415,2.110320568084717,0.7999849915504456,3.044549018261801,3.0,3.0,19.502689361572266,4.875672340393066,5.799984931945801,7.034108306484563,4.0,4.0,12.65551471710205,6.327757358551025,8.87118148803711,9.12902416113021,3.0,2.0,28.215370178222656,9.405123710632324,8.937137603759766,13.568725336276461,4.0,3.0,正确_把字句,正确_把字句,把字句,是,Qwen3-1.7B-Base,Qwen/Qwen3-1.7B-Base
ba_preferred,物理状态改变,28,弟弟的玩具车坏了，我花了一个小时才,把它修好了,修好了它,ba,未运行,3.5187036991119385,1.1729012727737427,2.0690250396728516,1.692138849683032,3.0,3.0,4.54440450668335,1.5148015022277832,0.694024920463562,2.185396615195175,3.0,3.0,14.963968276977539,7.4819841384887695,8.58993148803711,10.794221412607632,3.0,2.0,16.149259567260742,8.074629783630371,9.567689895629883,11.64922834585786,3.0,2.0,正确_把字句,错误_SVO,把字句,是,Qwen3-1.7B-Base,Qwen/Qwen3-1.7B-Base
ba_preferred,物理状态改变,29,锅里没有倒水，我不小心,把它烧糊了,烧糊了它,ba,未运行,12.658639907836914,3.1646599769592285,4.713645935058594,4.56563925485886,4.0,4.0,16.590171813964844,4.147542953491211,4.838645935058594,5.983639650875735,4.0,4.0,15.977240562438965,5.325747013092041,10.74618148803711,7.683428804817097,4.0,3.0,18.976821899414062,6.3256072998046875,10.023855209350586,9.12592228203925,4.0,3.0,正确_把字句,正确_把字句,把字句,是,Qwen3-1.7B-Base,Qwen/Qwen3-1.7B-Base
ba_preferred,物理状态改变,30,那个旧纸箱没用了，我一脚,把它踩扁了,踩扁了它,ba,未运行,7.6766133308410645,1.9191533327102661,4.329911708831787,2.768752995806628,4.0,4.0,8.064801216125488,2.016200304031372,0.5799115300178528,2.908762180064881,4.0,4.0,16.500085830688477,5.500028610229492,12.50790023803711,7.934864000725506,4.0,3.0,21.683094024658203,7.22769832611084,11.001052856445312,10.42736453212157,4.0,3.0,正确_把字句,错误_SVO,把字句,是,Qwen3-1.7B-Base,Qwen/Qwen3-1.7B-Base
ba_preferred,物理状态改变,31,这条鱼腌好了，妈妈放进锅里,把它炖了,炖了它,ba,未运行,11.329460144042969,3.776486873626709,7.746242523193359,5.448318884563519,3.0,3.0,10.948683738708496,3.6495614051818848,3.3712427616119385,5.265204140675662,3.0,3.0,12.154192924499512,6.077096462249756,10.569504737854004,8.767396929091587,3.0,2.0,17.63727378845215,8.818636894226074,8.571009635925293,12.722603714700409,3.0,2.0,错误_SVO,错误_SVO,把字句,是,Qwen3-1.7B-Base,Qwen/Qwen3-1.7B-Base
ba_preferred,物理状态改变,32,那个气球吹得太大了，弟弟拿针一戳就,把它扎破了,扎破了它,ba,未运行,10.284578323364258,2.5711445808410645,7.7263288497924805,3.709377536187936,4.0,4.0,12.340757369995117,3.0851893424987793,4.8513288497924805,4.450987364626471,4.0,4.0,11.530614852905273,3.843538284301758,7.757004737854004,5.5450536222290205,4.0,3.0,21.71822738647461,7.239409446716309,10.102165222167969,10.444260107742332,4.0,3.0,正确_把字句,错误_SVO,把字句,是,Qwen3-1.7B-Base,Qwen/Qwen3-1.7B-Base
ba_preferred,物理状态改变,33,头发太长了，我昨天去理发店,把它剪短了,剪短了它,ba,未运行,10.259910583496094,2.5649776458740234,7.870131015777588,3.7004805296935013,4.0,4.0,15.001955032348633,3.750488758087158,1.3701311349868774,5.410811532202151,4.0,4.0,14.186075210571289,4.728692054748535,9.819504737854004,6.822060577276755,4.0,3.0,23.172264099121094,7.724088191986084,11.821009635925293,11.143503729967323,4.0,3.0,正确_把字句,错误_SVO,把字句,是,Qwen3-1.7B-Base,Qwen/Qwen3-1.7B-Base
ba_preferred,物理状态改变,34,这张纸太大了，放不进信封，我只好,把它折起来了,折起它来了,ba,未运行,8.094944953918457,2.698315143585205,1.4851670265197754,3.892845876405967,3.0,3.0,13.856426239013672,3.464106559753418,3.4851670265197754,4.997649354867184,4.0,4.0,17.141948699951172,8.570974349975586,10.288254737854004,12.365302190296285,3.0,2.0,24.38811683654785,8.129372596740723,9.890129089355469,11.728205530856476,4.0,3.0,正确_把字句,正确_把字句,SVO,是,Qwen3-1.7B-Base,Qwen/Qwen3-1.7B-Base
ba_preferred,物理状态改变,35,我的铅笔头断了，我用小刀重新,把它削尖了,削尖了它,ba,未运行,9.401155471801758,2.3502888679504395,3.4811484813690186,3.390750094448635,4.0,4.0,9.021571159362793,2.2553927898406982,1.8561484813690186,3.2538439931598995,4.0,4.0,14.162399291992188,4.720799922943115,8.68368148803711,6.810674637859033,4.0,3.0,21.516559600830078,7.172186851501465,10.13774585723877,10.347278402990192,4.0,3.0,错误_SVO,错误_SVO,把字句,是,Qwen3-1.7B-Base,Qwen/Qwen3-1.7B-Base
ba_preferred,物理状态改变,36,这个旧杯子有裂缝，我不小心,把它打碎了,打碎了它,ba,未运行,5.885241508483887,1.4713103771209717,2.953519582748413,2.1226521846808963,4.0,4.0,5.968687057495117,1.4921717643737793,2.828519582748413,2.152748804616586,4.0,4.0,13.407892227172852,4.469297409057617,9.82430648803711,6.447833208305317,4.0,3.0,17.526268005371094,5.842089653015137,8.304702758789062,8.428353770833663,4.0,3.0,正确_把字句,错误_SVO,把字句,是,Qwen3-1.7B-Base,Qwen/Qwen3-1.7B-Base
ba_preferred,物理状态改变,37,地上的那张废纸，我捡起来顺手,把它扔了,扔了它,ba,未运行,6.116731643676758,2.0389106273651123,3.7976222038269043,2.941526250915453,3.0,3.0,8.168700218200684,2.722900152206421,1.4226220846176147,3.9283145464240072,3.0,3.0,11.568639755249023,5.784319877624512,9.60555648803711,8.345009602364339,3.0,2.0,15.90498161315918,7.95249080657959,8.594274520874023,11.473019049367448,3.0,2.0,正确_把字句,错误_SVO,把字句,是,Qwen3-1.7B-Base,Qwen/Qwen3-1.7B-Base
ba_preferred,物理状态改变,38,昨天晚上剩下的米饭，我早上加了蛋,把它炒了,炒了它,ba,未运行,11.682852745056152,3.894284248352051,9.202912330627441,5.618264572909508,3.0,3.0,11.094757080078125,3.6982524394989014,2.2029125690460205,5.3354504544205765,3.0,3.0,12.27358627319336,6.13679313659668,10.27743148803711,8.853521025129456,3.0,2.0,17.960948944091797,8.980474472045898,8.487076759338379,12.95608598565055,3.0,2.0,错误_SVO,错误_SVO,把字句,是,Qwen3-1.7B-Base,Qwen/Qwen3-1.7B-Base
ba_preferred,物理状态改变,39,这瓶矿泉水我已经打开了，你赶紧,把它喝了吧,喝了它吧,ba,未运行,4.9542670249938965,1.651422381401062,3.161609649658203,2.3824988800603544,3.0,3.0,7.137192726135254,2.3790643215179443,4.036609649658203,3.432264298609805,3.0,3.0,15.74967098236084,7.87483549118042,10.866379737854004,11.360986110942397,3.0,2.0,15.474184036254883,7.737092018127441,9.319744110107422,11.162264285454041,3.0,2.0,正确_把字句,正确_把字句,SVO,是,Qwen3-1.7B-Base,Qwen/Qwen3-1.7B-Base
ba_preferred,物理状态改变,40,那块大石头挡在路中间，工人们用机器,把它砸碎了,砸碎了它,ba,未运行,6.179169654846191,1.5447924137115479,1.9108591079711914,2.228664354464542,4.0,4.0,5.4253339767456055,1.3563334941864014,3.0358591079711914,1.956775605854321,4.0,4.0,14.084319114685059,4.694773197174072,10.694504737854004,6.773126009661458,4.0,3.0,17.540468215942383,5.846822738647461,8.282390594482422,8.43518217000352,4.0,3.0,错误_SVO,正确_把字句,把字句,是,Qwen3-1.7B-Base,Qwen/Qwen3-1.7B-Base
ba_preferred,物理状态改变,41,外面太阳很大，被子很潮湿，妈妈拿出去,把它晒干了,晒干了它,ba,未运行,17.455455780029297,4.363863945007324,11.309161186218262,6.295724872576215,4.0,4.0,15.82600212097168,3.95650053024292,0.809161365032196,5.708023694256015,4.0,4.0,13.37545108795166,4.458483695983887,9.85555648803711,6.43223231808025,4.0,3.0,21.309629440307617,7.103209972381592,9.759042739868164,10.247765801547953,4.0,3.0,错误_SVO,错误_SVO,把字句,是,Qwen3-1.7B-Base,Qwen/Qwen3-1.7B-Base
ba_preferred,物理状态改变,42,这个木头椅子不结实了，爷爷用钉子,把它加固了,加固了它,ba,未运行,6.552061080932617,2.184020519256592,1.6514430046081543,3.150875572331224,3.0,3.0,7.598968982696533,2.532989740371704,4.026443004608154,3.6543317370568804,3.0,3.0,14.154890060424805,7.077445030212402,12.82430648803711,10.210594847251674,3.0,2.0,16.33788299560547,8.168941497802734,8.523174285888672,11.785291388192066,3.0,2.0,正确_把字句,正确_把字句,把字句,是,Qwen3-1.7B-Base,Qwen/Qwen3-1.7B-Base
ba_preferred,物理状态改变,43,我的旧裤子太长了，昨天裁缝,把它改短了,改短了它,ba,未运行,7.180326461791992,1.795081615447998,4.326904296875,2.589755344597776,4.0,4.0,12.425531387329102,3.1063828468322754,5.326904296875,4.481563128227465,4.0,4.0,21.62932586669922,7.209775447845459,9.85555648803711,10.40150728452965,4.0,3.0,24.42190170288086,8.140634536743164,11.934751510620117,11.744453075848787,4.0,3.0,正确_把字句,正确_把字句,把字句,是,Qwen3-1.7B-Base,Qwen/Qwen3-1.7B-Base
ba_preferred,物理状态改变,44,这篇文章写得太长了，我就,把它缩短了,缩短了它,ba,未运行,9.822376251220703,3.274125576019287,5.131714344024658,4.723564731770747,3.0,3.0,12.264226913452148,4.088075637817383,6.131714344024658,5.897846449458124,3.0,3.0,17.259281158447266,8.629640579223633,11.87118148803711,12.449939668300097,3.0,2.0,16.41543197631836,8.20771598815918,8.168721199035645,11.841231153142306,3.0,2.0,正确_把字句,正确_把字句,SVO,是,Qwen3-1.7B-Base,Qwen/Qwen3-1.7B-Base
ba_preferred,物理状态改变,45,那个旧轮胎漏气了，修车师傅,把它补好了,补好了它,ba,未运行,11.73138427734375,3.91046142578125,5.754128456115723,5.641603306562195,3.0,3.0,16.197093963623047,5.399031639099121,7.879128456115723,7.789156171330914,3.0,3.0,19.25619125366211,9.628095626831055,10.147629737854004,13.890405814033878,3.0,2.0,17.288589477539062,8.644294738769531,9.839441299438477,12.471081151605361,3.0,2.0,正确_把字句,正确_把字句,SVO,是,Qwen3-1.7B-Base,Qwen/Qwen3-1.7B-Base
ba_preferred,物理状态改变,46,这杯茶已经凉透了，我不喜欢喝凉茶，就,把它倒掉了,倒掉它了,ba,未运行,6.512165069580078,2.1707217693328857,3.863607883453369,3.1316895317662707,3.0,3.0,11.782670021057129,2.9456675052642822,5.238607883453369,4.249699901952544,4.0,4.0,17.229812622070312,8.614906311035156,9.413254737854004,12.428682612653454,3.0,2.0,18.290878295898438,6.096959590911865,8.042424201965332,8.796053366308952,4.0,3.0,正确_把字句,正确_把字句,SVO,是,Qwen3-1.7B-Base,Qwen/Qwen3-1.7B-Base
ba_preferred,物理状态改变,47,听说你想吃饼干，我现在已经,把它烤熟了,烤熟它了,ba,未运行,12.207775115966797,3.051943778991699,4.522943019866943,4.403024155023247,4.0,4.0,18.167470932006836,4.541867733001709,5.522943019866943,6.552530054775164,4.0,4.0,14.690793991088867,4.8969316482543945,12.54696273803711,7.064779004508833,4.0,3.0,26.68642807006836,8.895476341247559,10.5053129196167,12.833459603862954,4.0,3.0,正确_把字句,正确_把字句,把字句,是,Qwen3-1.7B-Base,Qwen/Qwen3-1.7B-Base
ba_preferred,物理状态改变,48,弟弟把口香糖吐在纸巾里，他,把它包起来了,包起它来了,ba,未运行,11.274309158325195,3.758103132247925,4.784222602844238,5.421796752043361,3.0,3.0,21.128253936767578,5.2820634841918945,7.409222602844238,7.620406794304326,4.0,4.0,14.608306884765625,7.3041534423828125,10.44930648803711,10.537665949217734,3.0,2.0,28.119796752929688,9.373266220092773,10.247302055358887,13.522764692659884,4.0,3.0,正确_把字句,正确_把字句,把字句,是,Qwen3-1.7B-Base,Qwen/Qwen3-1.7B-Base
ba_preferred,物理状态改变,49,那个闹钟一直响个不停，我伸手,把它关掉了,关掉它了,ba,未运行,9.724035263061523,3.241345167160034,4.789566516876221,4.67627259847119,3.0,3.0,9.128653526306152,2.282163381576538,3.6645665168762207,3.2924657930988586,4.0,4.0,14.571739196777344,7.285869598388672,10.13680648803711,10.511287938159,3.0,2.0,20.5186767578125,6.839559078216553,8.822726249694824,9.867397964010111,4.0,3.0,错误_SVO,错误_SVO,SVO,是,Qwen3-1.7B-Base,Qwen/Qwen3-1.7B-Base
ba_preferred,物理状态改变,50,这盒冰淇淋马上就要融化了，你快点,把它吃了吧,吃了它吧,ba,未运行,4.760812282562256,1.586937427520752,2.5881917476654053,2.2894667568852776,3.0,3.0,10.618021011352539,3.5393404960632324,5.963191986083984,5.106188981687909,3.0,3.0,16.341777801513672,8.170888900756836,11.61336898803711,11.78810089677656,3.0,2.0,15.107704162597656,7.553852081298828,9.369667053222656,10.897904937298595,3.0,2.0,正确_把字句,正确_把字句,SVO,是,Qwen3-1.7B-Base,Qwen/Qwen3-1.7B-Base
ba_preferred,空间位移,1,你的外套放在沙发上太乱了，我,把它挂起来了,挂起它来了,ba,未运行,9.300625801086426,3.1002087593078613,3.006856918334961,4.472655802773978,3.0,3.0,22.29635238647461,5.574088096618652,8.131856918334961,8.04170925446993,4.0,4.0,16.270217895507812,8.135108947753906,11.30086898803711,11.736481336015995,3.0,2.0,28.603239059448242,9.53441333770752,10.081356048583984,13.75525084009623,4.0,3.0,正确_把字句,正确_把字句,把字句,是,Qwen3-1.7B-Base,Qwen/Qwen3-1.7B-Base
ba_preferred,空间位移,2,外面下雨了，院子里的自行车，我已经,把它推进来了,推它进来了,ba,未运行,16.416019439697266,5.472006797790527,4.607880115509033,7.89443707088309,3.0,3.0,20.664688110351562,5.166172027587891,5.982880115509033,7.453210764580331,4.0,4.0,19.79702377319336,9.89851188659668,12.48446273803711,14.280534010973488,3.0,2.0,18.59843635559082,6.199479103088379,9.470071792602539,8.943957758120364,4.0,3.0,错误_SVO,正确_把字句,SVO,是,Qwen3-1.7B-Base,Qwen/Qwen3-1.7B-Base
ba_preferred,空间位移,3,这本书我看完了，昨天我,把它放回书架了,放它回书架了,ba,未运行,15.731701850891113,2.621950387954712,5.588083267211914,3.782674822159157,6.0,6.0,27.189550399780273,4.531591892242432,6.963083267211914,6.53770515027079,6.0,6.0,24.905933380126953,4.981186866760254,10.442903518676758,7.186333590416252,6.0,5.0,29.844120025634766,5.9688239097595215,9.341506958007812,8.611192654549535,6.0,5.0,正确_把字句,正确_把字句,把字句,是,Qwen3-1.7B-Base,Qwen/Qwen3-1.7B-Base
ba_preferred,空间位移,4,垃圾桶满了，出门的时候我,把垃圾扔了,扔了垃圾,ba,未运行,13.729415893554688,3.432353973388672,8.211833953857422,4.951840055983366,4.0,4.0,8.090794563293457,2.6969316005706787,5.461833953857422,3.890849845760053,3.0,3.0,19.73828125,6.579427242279053,12.22018814086914,9.492107054325738,4.0,3.0,13.242522239685059,6.621261119842529,8.567232131958008,9.552460582027722,3.0,2.0,错误_SVO,错误_SVO,把字句,是,Qwen3-1.7B-Base,Qwen/Qwen3-1.7B-Base
ba_preferred,空间位移,5,行李箱太重了，我叫人,把它搬上楼了,搬它上了楼,ba,未运行,14.92772102355957,2.985544204711914,5.361029148101807,4.3072298184926625,5.0,5.0,16.602956771850586,4.1507391929626465,3.4860291481018066,5.988250849710669,4.0,4.0,22.1947021484375,5.548675537109375,10.65243148803711,8.0050466808896,5.0,4.0,18.633285522460938,6.211095333099365,9.508283615112305,8.960716435551038,4.0,3.0,正确_把字句,错误_SVO,把字句,是,Qwen3-1.7B-Base,Qwen/Qwen3-1.7B-Base
ba_preferred,空间位移,6,刚买的啤酒不凉，我,把它放进冰箱了,放它进了冰箱,ba,未运行,10.166060447692871,2.5415151119232178,4.886240005493164,3.6666312483159853,4.0,4.0,17.458541870117188,4.364635467529297,3.636239767074585,6.296837944292599,4.0,4.0,20.254562377929688,6.751521110534668,11.46493148803711,9.740386024625513,4.0,3.0,26.375591278076172,8.791864395141602,9.34781265258789,12.683979163039035,4.0,3.0,正确_把字句,错误_SVO,把字句,是,Qwen3-1.7B-Base,Qwen/Qwen3-1.7B-Base
ba_preferred,空间位移,7,钱包掉在地上了，我,把它捡起来了,捡起它来了,ba,未运行,6.655707836151123,2.218569278717041,4.086925506591797,3.2007188962736794,3.0,3.0,16.386857986450195,4.096714496612549,1.336925745010376,5.910309688200851,4.0,4.0,12.905336380004883,6.452668190002441,10.599153518676758,9.309232398218485,3.0,2.0,25.100772857666016,8.366924285888672,9.801262855529785,12.07092017474502,4.0,3.0,正确_把字句,错误_SVO,把字句,是,Qwen3-1.7B-Base,Qwen/Qwen3-1.7B-Base
ba_preferred,空间位移,8,你的帽子掉在椅子下了，我,把它拿走了,拿走了它,ba,未运行,9.791361808776855,3.263787269592285,3.4796972274780273,4.708649708357321,3.0,3.0,10.520169258117676,3.506723165512085,4.104697227478027,5.059132120654732,3.0,3.0,13.192452430725098,6.596226215362549,8.692903518676758,9.516342849485325,3.0,2.0,17.638980865478516,8.819490432739258,9.954463005065918,12.723835110480586,3.0,2.0,正确_把字句,正确_把字句,把字句,是,Qwen3-1.7B-Base,Qwen/Qwen3-1.7B-Base
ba_preferred,空间位移,9,这些旧报纸没用了，我,把它们丢到门外了,丢它们到门外了,ba,未运行,22.812908172607422,3.8021514415740967,8.03760814666748,5.485345029467773,6.0,6.0,26.12525749206543,5.225051403045654,6.4126081466674805,7.538155747563886,5.0,5.0,33.44319534301758,6.688639163970947,10.686473846435547,9.649666552156589,6.0,5.0,28.380985260009766,7.095246315002441,11.244150161743164,10.236276672539715,5.0,4.0,正确_把字句,错误_SVO,把字句,是,Qwen3-1.7B-Base,Qwen/Qwen3-1.7B-Base
ba_preferred,空间位移,10,黑板上的字写错了，老师,把它擦掉了,擦掉了它,ba,未运行,8.11138916015625,2.70379638671875,6.8321123123168945,3.9007536386926387,3.0,3.0,11.408681869506836,3.802894115447998,3.9571120738983154,5.486416481382648,3.0,3.0,15.575650215148926,7.787825107574463,11.90243148803711,11.235456662008236,3.0,2.0,15.202025413513184,7.601012706756592,8.121868133544922,10.965943337771732,3.0,2.0,正确_把字句,错误_SVO,SVO,是,Qwen3-1.7B-Base,Qwen/Qwen3-1.7B-Base
ba_preferred,空间位移,11,确认没有拼写错误之后，秘书走进经理办公室,把那份重要文件递过去了,递过去了那份重要文件,ba,未运行,25.608970642089844,4.268161773681641,5.092024803161621,6.157655824602346,6.0,6.0,27.51624298095703,5.503248691558838,7.342024803161621,7.939509596090613,5.0,5.0,31.88397216796875,6.376794338226318,10.53264045715332,9.199769568527929,6.0,5.0,31.671581268310547,7.917895317077637,11.613956451416016,11.423108308225853,5.0,4.0,正确_把字句,正确_把字句,把字句,是,Qwen3-1.7B-Base,Qwen/Qwen3-1.7B-Base
ba_preferred,空间位移,12,弟弟对动物毛发过敏，所以妈妈只能,把那只小狗抱出去了,抱出去了那只小狗,ba,未运行,26.550920486450195,4.425153732299805,3.1843268871307373,6.384147344760216,6.0,6.0,34.966129302978516,6.993226051330566,8.559327125549316,10.089092544070116,5.0,5.0,26.36428451538086,5.272857189178467,10.61076545715332,7.6071249181434935,6.0,5.0,27.06073570251465,6.765183925628662,9.784687995910645,9.760097300206201,5.0,4.0,正确_把字句,正确_把字句,把字句,是,Qwen3-1.7B-Base,Qwen/Qwen3-1.7B-Base
ba_preferred,空间位移,13,看到桌子上前女友的照片，他叹了一口气，然后,把那张旧照片收了起来,收起来了那张旧照片,ba,未运行,20.921794891357422,2.98882794380188,3.7707865238189697,4.3119672525933295,7.0,7.0,25.99049949645996,4.33174991607666,8.39578628540039,6.249394122294981,6.0,6.0,26.906452178955078,4.484408855438232,7.407639980316162,6.46963441705929,7.0,6.0,29.09762191772461,5.81952428817749,13.25004768371582,8.395798830886541,6.0,5.0,正确_把字句,正确_把字句,把字句,是,Qwen3-1.7B-Base,Qwen/Qwen3-1.7B-Base
ba_preferred,空间位移,14,这个沙发挡住了门，我们,把它移开了,移开了它,ba,未运行,10.885485649108887,3.628495216369629,4.902070045471191,5.23481205454579,3.0,3.0,15.572394371032715,5.190798282623291,8.902070045471191,7.48873894059557,3.0,3.0,18.72911834716797,9.364559173583984,11.092942237854004,13.510203079840863,3.0,2.0,15.30152702331543,7.650763511657715,8.8328857421875,11.037718577282817,3.0,2.0,正确_把字句,正确_把字句,SVO,是,Qwen3-1.7B-Base,Qwen/Qwen3-1.7B-Base
ba_preferred,空间位移,15,那只小猫在雨里很冷，我,把它抱回家了,抱它回家了,ba,未运行,7.5817766189575195,1.8954441547393799,2.5705373287200928,2.7345478823244767,4.0,4.0,9.302610397338867,2.325652599334717,4.445537567138672,3.3552074718907234,4.0,4.0,16.490808486938477,5.496936321258545,11.19149398803711,7.930402770762125,4.0,3.0,17.052940368652344,5.684313774108887,9.515981674194336,8.200731292763718,4.0,3.0,正确_把字句,正确_把字句,把字句,是,Qwen3-1.7B-Base,Qwen/Qwen3-1.7B-Base
ba_preferred,空间位移,16,这个抽屉太满了，我,把不需要的东西拿出来了,拿出来不需要的东西了,ba,未运行,22.5240478515625,4.504809856414795,9.284064292907715,6.499066839997348,5.0,5.0,22.460556030273438,5.615139007568359,7.909064292907715,8.100933200121048,4.0,4.0,27.403675079345703,6.850918769836426,10.780223846435547,9.88378653477613,5.0,4.0,21.341644287109375,7.113881587982178,10.47825813293457,10.263161688453192,4.0,3.0,正确_把字句,错误_SVO,把字句,是,Qwen3-1.7B-Base,Qwen/Qwen3-1.7B-Base
ba_preferred,空间位移,17,刚买的鸡蛋怕摔碎，妈妈小心地,把它放进了篮子里,放它进了篮子,ba,未运行,9.322687149047852,1.8645374774932861,2.3586502075195312,2.689958972331181,5.0,5.0,17.949453353881836,3.589890718460083,3.9836502075195312,5.17911753685568,5.0,5.0,21.23812484741211,5.309531211853027,10.43368148803711,7.660034348785531,5.0,4.0,28.220651626586914,7.0551629066467285,9.34781265258789,10.178448538083,5.0,4.0,正确_把字句,正确_把字句,把字句,是,Qwen3-1.7B-Base,Qwen/Qwen3-1.7B-Base
ba_preferred,空间位移,18,地图太大了不好拿，我上车前,把它卷起来了,卷起它来了,ba,未运行,14.200672149658203,4.73355770111084,5.449855804443359,6.829080221154371,3.0,3.0,26.695974349975586,6.6739935874938965,10.82485580444336,9.628537451602186,4.0,4.0,14.078763961791992,7.039381980895996,10.71493148803711,10.155681474761781,3.0,2.0,24.85147476196289,8.283824920654297,9.848535537719727,11.951033132620365,4.0,3.0,正确_把字句,正确_把字句,把字句,是,Qwen3-1.7B-Base,Qwen/Qwen3-1.7B-Base
ba_preferred,空间位移,19,客厅的那个旧沙发，搬家公司今天早上已经,把它运走了,运走它了,ba,未运行,7.263915061950684,2.4213051795959473,3.3337106704711914,3.4932049750818344,3.0,3.0,13.56308364868164,3.39077091217041,4.708710670471191,4.891848379778798,4.0,4.0,12.138317108154297,6.069158554077148,8.87118148803711,8.755944948335934,3.0,2.0,25.09545135498047,8.365150451660156,11.022266387939453,12.06836107290018,4.0,3.0,正确_把字句,正确_把字句,把字句,是,Qwen3-1.7B-Base,Qwen/Qwen3-1.7B-Base
ba_preferred,空间位移,20,你的身份证落在我这里了，我明天下午,把它送过去,送它过去,ba,未运行,16.812904357910156,5.604301452636719,8.646686553955078,8.085297913365808,3.0,3.0,16.22490692138672,5.408302307128906,5.77168607711792,7.802530918123213,3.0,3.0,13.312332153320312,6.656166076660156,9.48055648803711,9.602817790130956,3.0,2.0,15.75857925415039,7.879289627075195,9.437668800354004,11.367412070709234,3.0,2.0,错误_SVO,错误_SVO,把字句,是,Qwen3-1.7B-Base,Qwen/Qwen3-1.7B-Base
ba_preferred,空间位移,21,下班时间到了，他关上电脑，迅速地,把那台电脑收进去了,收进去了那台电脑,ba,未运行,25.027751922607422,3.5753931999206543,2.2558605670928955,5.15820203875365,7.0,7.0,30.161602020263672,5.026933670043945,6.005860328674316,7.252332276650157,6.0,6.0,29.246280670166016,4.874380111694336,7.407639980316162,7.03224401454921,7.0,6.0,33.698978424072266,6.739795684814453,9.37309455871582,9.723469811086646,6.0,5.0,正确_把字句,正确_把字句,把字句,是,Qwen3-1.7B-Base,Qwen/Qwen3-1.7B-Base
ba_preferred,空间位移,22,那个大纸箱在路边太危险，环卫工人,把它拖走了,拖走了它,ba,未运行,8.596756935119629,2.8655858039855957,3.276453971862793,4.134166428651832,3.0,3.0,11.298208236694336,3.7660694122314453,7.651453971862793,5.433289664669919,3.0,3.0,16.30223846435547,8.151119232177734,11.147629737854004,11.759579293957472,3.0,2.0,16.815187454223633,8.407593727111816,10.003973007202148,12.129593775913374,3.0,2.0,正确_把字句,正确_把字句,把字句,是,Qwen3-1.7B-Base,Qwen/Qwen3-1.7B-Base
ba_preferred,空间位移,23,这封挂号信很重要，邮递员准时,把它放进了信箱,放它进了信箱,ba,未运行,15.072999954223633,3.768249988555908,5.7484049797058105,5.436435571319502,4.0,4.0,23.0002498626709,5.750062465667725,8.623405456542969,8.295586604020592,4.0,4.0,22.658737182617188,7.552912712097168,10.444504737854004,10.896549714009796,4.0,3.0,28.1641902923584,9.388063430786133,9.347110748291016,13.544112555146182,4.0,3.0,正确_把字句,正确_把字句,把字句,是,Qwen3-1.7B-Base,Qwen/Qwen3-1.7B-Base
ba_preferred,空间位移,24,大家吃完晚饭后，懂事的妹妹主动帮忙，,把那几个空碗端进去了,端进去了那几个空碗,ba,未运行,31.225074768066406,3.903134346008301,2.527761936187744,5.631032564909563,8.0,8.0,32.718971252441406,4.674139022827148,4.402761936187744,6.743357188658313,7.0,7.0,38.3427848815918,5.477540969848633,7.407639980316162,7.902421193466746,8.0,7.0,43.3172721862793,7.219545364379883,9.469088554382324,10.415602294663762,7.0,6.0,正确_把字句,正确_把字句,把字句,是,Qwen3-1.7B-Base,Qwen/Qwen3-1.7B-Base
ba_preferred,空间位移,25,那几本书实在太重了，我帮你,把它们拿上车吧,拿它们上车吧,ba,未运行,15.857339859008789,2.642889976501465,3.081712245941162,3.8128842627138124,6.0,6.0,17.9216251373291,3.584325075149536,2.081712245941162,5.171088010852197,5.0,5.0,28.756938934326172,5.751388072967529,10.686473846435547,8.297499051098187,6.0,5.0,24.610233306884766,6.152558326721191,11.122396469116211,8.876265386740762,5.0,4.0,正确_把字句,错误_SVO,把字句,是,Qwen3-1.7B-Base,Qwen/Qwen3-1.7B-Base
ba_preferred,空间位移,26,听到老师的脚步声，正在玩游戏的同学赶紧,把那个手机藏起来了,藏起来了那个手机,ba,未运行,34.84757995605469,6.969516277313232,3.780324935913086,10.05488657067471,5.0,5.0,32.66689682006836,8.16672420501709,10.592824935913086,11.782092510886018,4.0,4.0,25.879833221435547,6.469958305358887,10.014598846435547,9.334176761899627,5.0,4.0,28.44856834411621,9.482856750488281,13.64168930053711,13.680870407389873,4.0,3.0,正确_把字句,正确_把字句,把字句,否,Qwen3-1.7B-Base,Qwen/Qwen3-1.7B-Base
ba_preferred,空间位移,27,办公室里的那台旧打印机坏了，刚才管理员,把那台打印机搬走了,搬走了那台打印机,ba,未运行,15.598098754882812,2.5996832847595215,3.6083714962005615,3.7505501828044925,6.0,6.0,14.786471366882324,2.957294225692749,7.233371734619141,4.266473713856496,5.0,5.0,28.012035369873047,5.602406978607178,7.373974323272705,8.082564765078297,6.0,5.0,26.907379150390625,6.726844787597656,9.914533615112305,9.704785615896911,5.0,4.0,正确_把字句,正确_把字句,把字句,是,Qwen3-1.7B-Base,Qwen/Qwen3-1.7B-Base
ba_preferred,空间位移,28,天气突然变热了，我,把那件裙子拿出来了,拿出了那件裙子,ba,未运行,32.21632385253906,5.369387626647949,12.22663688659668,7.746388901575558,6.0,6.0,25.327674865722656,5.065535068511963,7.85163688659668,7.308022322791345,5.0,5.0,27.664710998535156,5.532942295074463,7.373974323272705,7.9823484106287275,6.0,5.0,26.305316925048828,6.576329231262207,9.552083969116211,9.487637569195115,5.0,4.0,错误_SVO,错误_SVO,把字句,是,Qwen3-1.7B-Base,Qwen/Qwen3-1.7B-Base
ba_preferred,空间位移,29,快递员递给我一个大包裹，我就,把那个包裹收下了,收下了那个包裹,ba,未运行,15.547917366027832,3.109583616256714,3.505722999572754,4.48618086240313,5.0,5.0,14.28887939453125,3.5722198486328125,4.755722999572754,5.1536238605876825,4.0,4.0,29.737783432006836,7.434445858001709,10.03264045715332,10.725638171096561,5.0,4.0,21.692052841186523,7.230684280395508,9.45121955871582,10.431672353560382,4.0,3.0,正确_把字句,正确_把字句,SVO,是,Qwen3-1.7B-Base,Qwen/Qwen3-1.7B-Base
ba_preferred,空间位移,30,课桌上堆了很多书，他为了腾出地方写作业，就,把那几本书拿开了,拿开了那几本书,ba,未运行,18.9210205078125,3.15350341796875,3.935824394226074,4.549543742529912,6.0,6.0,18.173500061035156,3.634700059890747,2.685824394226074,5.2437637515232,5.0,5.0,27.666173934936523,5.5332350730896,7.407639980316162,7.982770800019247,6.0,5.0,23.157302856445312,5.789325714111328,8.708456039428711,8.35223149783937,5.0,4.0,正确_把字句,错误_SVO,把字句,是,Qwen3-1.7B-Base,Qwen/Qwen3-1.7B-Base
ba_preferred,空间位移,31,桌子上的书太乱了，我刚才,把它们收起来了,收起它们来了,ba,未运行,12.016168594360352,3.004042148590088,2.836667537689209,4.333916710392346,4.0,4.0,24.093135833740234,6.023283958435059,8.836668014526367,8.689761896700304,4.0,4.0,22.147438049316406,7.382479667663574,10.70451545715332,10.650666806001842,4.0,3.0,29.451148986816406,9.817049980163574,9.77934455871582,14.163009322541086,4.0,3.0,正确_把字句,正确_把字句,把字句,是,Qwen3-1.7B-Base,Qwen/Qwen3-1.7B-Base
ba_preferred,空间位移,32,刚放学回家，他一进门就觉得非常累，马上,把那个沉重的书包放下了,放下了那个沉重的书包,ba,未运行,20.576534271240234,2.5720667839050293,4.520364761352539,3.710707993975011,8.0,8.0,19.1842041015625,2.740600824356079,7.520364761352539,3.9538512183547203,7.0,7.0,31.924118041992188,4.560588359832764,10.03264045715332,6.5795382102666595,8.0,7.0,26.33452796936035,4.389088153839111,9.534610748291016,6.332115713568182,7.0,6.0,正确_把字句,正确_把字句,SVO,是,Qwen3-1.7B-Base,Qwen/Qwen3-1.7B-Base
ba_preferred,空间位移,33,桌子上的这幅画很漂亮，爸爸决定明天,把它挂起来,挂起它来,ba,未运行,5.801286220550537,1.9337620735168457,2.083132028579712,2.7898289537219125,3.0,3.0,16.033273696899414,4.0083184242248535,6.208131790161133,5.78278111293306,4.0,4.0,13.482091903686523,6.741045951843262,11.311692237854004,9.725273565128896,3.0,2.0,23.786453247070312,7.9288177490234375,10.081189155578613,11.438866046628508,4.0,3.0,正确_把字句,正确_把字句,把字句,是,Qwen3-1.7B-Base,Qwen/Qwen3-1.7B-Base
ba_preferred,空间位移,34,昨天天气非常晴朗，奶奶一大早就打开门，,把那床厚被子抱出去了,抱出去了那床厚被子,ba,未运行,34.8679313659668,3.8742146492004395,3.750091552734375,5.589310261740849,9.0,9.0,40.709144592285156,5.0886430740356445,7.750091552734375,7.341360127765195,8.0,8.0,37.04117202758789,4.630146503448486,7.407639980316162,6.679889399114505,9.0,8.0,38.42375183105469,5.489107608795166,9.784687995910645,7.919108326114663,8.0,7.0,正确_把字句,正确_把字句,把字句,是,Qwen3-1.7B-Base,Qwen/Qwen3-1.7B-Base
ba_preferred,空间位移,35,口袋里的硬币掉出来了，我捡起来，又,把它装回去了,装它回去了,ba,未运行,14.695768356323242,3.6739420890808105,4.4462714195251465,5.300378032430124,4.0,4.0,21.073625564575195,5.268406391143799,5.1962714195251465,7.60070377389088,4.0,4.0,20.283742904663086,6.761247634887695,10.991379737854004,9.754418433074711,4.0,3.0,21.026819229125977,7.008939743041992,9.579060554504395,10.111762609176248,4.0,3.0,正确_把字句,正确_把字句,把字句,是,Qwen3-1.7B-Base,Qwen/Qwen3-1.7B-Base
ba_preferred,空间位移,36,墙角的那盆花因为没有阳光快要枯萎了，我赶紧,把那盆花移出来了,移出来了那盆花,ba,未运行,17.09629249572754,2.849382162094116,2.2965521812438965,4.110789514850654,6.0,6.0,22.979167938232422,4.595833778381348,6.7965521812438965,6.630386600820758,5.0,5.0,27.41853904724121,5.483707904815674,7.407639980316162,7.911318199961181,6.0,5.0,31.85594940185547,7.963987350463867,13.0047607421875,11.489605056216657,5.0,4.0,正确_把字句,正确_把字句,把字句,是,Qwen3-1.7B-Base,Qwen/Qwen3-1.7B-Base
ba_preferred,空间位移,37,这盆花需要阳光，今天早上我,把它搬到阳台上了,搬它到阳台上了,ba,未运行,8.22148609161377,2.0553715229034424,1.9335616827011108,2.965274303277193,4.0,4.0,15.849077224731445,3.1698155403137207,5.5585618019104,4.573077160543375,5.0,5.0,23.313507080078125,7.771169185638428,12.061692237854004,11.211427246029684,4.0,3.0,26.025760650634766,6.506440162658691,9.515616416931152,9.386808956508474,5.0,4.0,正确_把字句,正确_把字句,SVO,是,Qwen3-1.7B-Base,Qwen/Qwen3-1.7B-Base
ba_preferred,空间位移,38,银行卡掉在了沙发缝里，我找了半天，终于伸手,把那张银行卡拿出来了,拿出来了那张银行卡,ba,未运行,13.890586853027344,2.3150978088378906,3.995997428894043,3.3399801279833303,6.0,6.0,18.995040893554688,3.7990081310272217,3.995997428894043,5.480810190929822,5.0,5.0,26.48274040222168,5.296548366546631,7.407639980316162,7.641304062245364,6.0,5.0,29.58264923095703,7.395662307739258,12.485799789428711,10.669685335464854,5.0,4.0,正确_把字句,错误_SVO,把字句,是,Qwen3-1.7B-Base,Qwen/Qwen3-1.7B-Base
ba_preferred,空间位移,39,抽屉里的那份合同很重要，我,把它拿出来了,拿出它来了,ba,未运行,6.7244462966918945,2.2414822578430176,3.380298137664795,3.2337753376307186,3.0,3.0,16.769329071044922,5.589776515960693,7.505298137664795,8.06434285925408,3.0,3.0,14.488125801086426,7.244062900543213,8.694504737854004,10.450973622501413,3.0,2.0,16.455947875976562,8.227973937988281,9.213837623596191,11.870457196899329,3.0,2.0,正确_把字句,正确_把字句,把字句,是,Qwen3-1.7B-Base,Qwen/Qwen3-1.7B-Base
ba_preferred,空间位移,40,厨房里的垃圾味道太大了，我早上出门去上班时顺便,把那袋垃圾带出去了,带出去了那袋垃圾,ba,未运行,21.18914031982422,3.027020215988159,1.701969861984253,4.367067054276756,7.0,7.0,24.451255798339844,4.075209617614746,2.826969861984253,5.879284705915803,6.0,6.0,31.420522689819336,5.236753940582275,7.407639980316162,7.5550389404337865,7.0,6.0,33.61435317993164,6.722870826721191,9.837566375732422,9.699052402247748,6.0,5.0,正确_把字句,正确_把字句,把字句,是,Qwen3-1.7B-Base,Qwen/Qwen3-1.7B-Base
ba_preferred,空间位移,41,门口的那袋垃圾发臭了，我上班时顺手,把它带下楼了,带它下楼了,ba,未运行,16.16512680053711,3.233025312423706,2.790588140487671,4.664269585302172,5.0,5.0,17.304603576660156,3.460920810699463,4.54058837890625,4.993053290505526,5.0,5.0,20.419958114624023,5.104989528656006,8.991379737854004,7.364943076782106,5.0,4.0,21.900653839111328,5.475163459777832,9.353191375732422,7.898991171477938,5.0,4.0,正确_把字句,正确_把字句,把字句,是,Qwen3-1.7B-Base,Qwen/Qwen3-1.7B-Base
ba_preferred,空间位移,42,这些明信片是给朋友的，我明天去邮局,把它们寄出去,寄出去它们,ba,未运行,6.552796363830566,1.6381990909576416,3.9591617584228516,2.3634217045133976,4.0,4.0,12.231779098510742,4.0772600173950195,0.9591618776321411,5.882242807510644,3.0,3.0,24.137649536132812,8.045883178710938,10.70451545715332,11.607755761498199,4.0,3.0,21.292831420898438,10.646415710449219,10.361492156982422,15.359531148707438,3.0,2.0,正确_把字句,错误_SVO,把字句,是,Qwen3-1.7B-Base,Qwen/Qwen3-1.7B-Base
ba_preferred,空间位移,43,今天外面的阳光特别好，爷爷走到客厅，慢慢地,把那把旧椅子搬出去了,搬出去了那把旧椅子,ba,未运行,26.7407169342041,3.3425896167755127,3.4155447483062744,4.822337463848973,8.0,8.0,30.091716766357422,4.298816680908203,7.040544509887695,6.201881507237018,7.0,7.0,30.1287899017334,4.304112911224365,7.407639980316162,6.209522352449551,8.0,7.0,32.806915283203125,5.4678192138671875,9.718741416931152,7.888395664323582,7.0,6.0,正确_把字句,正确_把字句,把字句,是,Qwen3-1.7B-Base,Qwen/Qwen3-1.7B-Base
ba_preferred,空间位移,44,护照是非常重要的东西，你一定要,把它收好,收好它,ba,未运行,8.831934928894043,2.9439783096313477,3.280986785888672,4.2472629077898185,3.0,3.0,9.808189392089844,3.2693965435028076,6.405986785888672,4.7167421800110185,3.0,3.0,14.89823055267334,7.44911527633667,10.178879737854004,10.746801668181135,3.0,2.0,17.678199768066406,8.839099884033203,11.03715705871582,12.752125568616915,3.0,2.0,正确_把字句,正确_把字句,把字句,是,Qwen3-1.7B-Base,Qwen/Qwen3-1.7B-Base
ba_preferred,空间位移,45,黑板擦不见了，原来是有同学下课后,把它拿走了,拿走它了,ba,未运行,6.590253829956055,2.196751356124878,2.9659245014190674,3.169242287547467,3.0,3.0,12.207049369812012,3.051762342453003,3.8409245014190674,4.402762397428634,4.0,4.0,13.226637840270996,6.613318920135498,8.68368148803711,9.541002409896638,3.0,2.0,21.020259857177734,7.006753444671631,11.044271469116211,10.108608447359424,4.0,3.0,正确_把字句,正确_把字句,把字句,是,Qwen3-1.7B-Base,Qwen/Qwen3-1.7B-Base
ba_preferred,空间位移,46,冰箱门没关紧，我走过去轻轻地,把它推上了,推上了它,ba,未运行,12.315818786621094,4.105273246765137,5.204822540283203,5.9226573546021966,3.0,3.0,11.695682525634766,3.8985610008239746,2.079822540283203,5.624434622491862,3.0,3.0,17.779939651489258,8.889969825744629,11.21493148803711,12.825515381254299,3.0,2.0,16.34416389465332,8.17208194732666,8.220071792602539,11.789822099146397,3.0,2.0,错误_SVO,错误_SVO,SVO,是,Qwen3-1.7B-Base,Qwen/Qwen3-1.7B-Base
ba_preferred,空间位移,47,那个大纸箱挡在走廊中间，非常危险，我叫同事帮忙,把那个大箱子推开了,推开了那个大箱子,ba,未运行,18.243465423583984,3.0405776500701904,2.027966022491455,4.3866262971940815,6.0,6.0,18.725603103637695,3.7451207637786865,4.027966022491455,5.403067153433798,5.0,5.0,31.38257598876953,6.276515483856201,10.03264045715332,9.055097762622134,6.0,5.0,23.701818466186523,5.925454616546631,8.681763648986816,8.548623990304439,5.0,4.0,正确_把字句,正确_把字句,SVO,是,Qwen3-1.7B-Base,Qwen/Qwen3-1.7B-Base
ba_preferred,空间位移,48,这个广告牌在路边很容易挡住视线，警察昨天,把它拆下来了,拆下它来了,ba,未运行,9.518474578857422,2.3796186447143555,6.233705520629883,3.4330640179363168,4.0,4.0,22.706623077392578,5.6766557693481445,7.483705520629883,8.189683127272291,4.0,4.0,18.608043670654297,6.202681541442871,10.772629737854004,8.948577900053142,4.0,3.0,29.369537353515625,9.789846420288086,9.392675399780273,14.123762881614192,4.0,3.0,正确_把字句,正确_把字句,把字句,是,Qwen3-1.7B-Base,Qwen/Qwen3-1.7B-Base
ba_preferred,空间位移,49,盘子里的那些菜太远了，你能帮忙,把它端过来吗,端它过来吗,ba,未运行,11.9827880859375,2.995697021484375,5.782989501953125,4.321877236901346,4.0,4.0,16.440425872802734,4.110106468200684,5.532989501953125,5.929630219198779,4.0,4.0,20.8049373626709,6.934979438781738,10.178879737854004,10.00506044499734,4.0,3.0,23.328996658325195,7.776332378387451,9.547213554382324,11.218876158603853,4.0,3.0,正确_把字句,错误_SVO,把字句,是,Qwen3-1.7B-Base,Qwen/Qwen3-1.7B-Base
ba_preferred,空间位移,50,你的外套掉在客厅地上了，我顺手,把它挂到门后了,挂到门后了,ba,未运行,19.837081909179688,3.306180477142334,2.5662264823913574,4.769810178657152,6.0,6.0,19.69213104248047,3.9384262561798096,9.191226959228516,5.681948028697498,5.0,5.0,26.82794952392578,5.3655900955200195,11.311692237854004,7.7409102222496715,6.0,5.0,25.102401733398438,6.275600433349609,8.768689155578613,9.053777623794112,5.0,4.0,正确_把字句,正确_把字句,把字句,是,Qwen3-1.7B-Base,Qwen/Qwen3-1.7B-Base
