pair_id,source_context_preference,subcondition_label,preferred_construction,nonpreferred_construction,preferred_sentence,nonpreferred_sentence,preferred_corrected,nonpreferred_corrected,preferred_accepted,nonpreferred_flagged,pair_edit_accept_correct,nonpreferred_corrected_to_paired_preferred,preferred_edit_summary,nonpreferred_edit_summary
BA-PC-001,BA-preferred,物理状态改变,BA,SVO,那个苹果坏了，我把它扔了。,那个苹果坏了，我扔了它。,"那个苹果坏了,我把它扔了。","那个苹果坏了,我扔了它。",True,False,False,False,,
BA-PC-002,BA-preferred,物理状态改变,BA,SVO,这杯牛奶太凉了，弟弟刚才把它加热了。,这杯牛奶太凉了，弟弟刚才加热了它。,"这杯牛奶太凉了,弟弟刚才把它加热了。","这杯牛奶太凉了,弟弟刚才加热了它。",True,False,False,False,,
BA-PC-003,BA-preferred,物理状态改变,BA,SVO,衬衫上有一块咖啡渍，我昨天把它洗干净了。,衬衫上有一块咖啡渍，我昨天洗干净了它。,"衬衫上有一块咖啡渍,我昨天把它洗干净了。","衬衫上有一块咖啡渍,我昨天清洗干净了它。",True,True,True,False,,insert:->清@13:13
BA-PC-004,BA-preferred,物理状态改变,BA,SVO,这块蛋糕太甜了，但我还是把它吃完了。,这块蛋糕太甜了，但我还是吃完了它。,"这块蛋糕太甜了,但我还是把它吃完了。","这块蛋糕太甜了,但我还是吃完了它。",True,False,False,False,,
BA-PC-005,BA-preferred,物理状态改变,BA,SVO,刚才有一只蚊子，我一巴掌把它打死了。,刚才有一只蚊子，我一巴掌打死了它。,"刚才有一只蚊子,我一巴掌把它打死了。","刚才有一只蚊子,我一巴掌打死了它。",True,False,False,False,,
BA-PC-006,BA-preferred,物理状态改变,BA,SVO,桌子上的那张废纸，我把它撕了。,桌子上的那张废纸，我撕了它。,"桌子上的那张废纸,我把它撕了。","桌子上的那张废纸,我撕了它。",True,False,False,False,,
BA-PC-007,BA-preferred,物理状态改变,BA,SVO,这个旧手机没用了，我准备把它卖了。,这个旧手机没用了，我准备卖了它。,"这个旧手机没用了,我准备把它买了。","这个旧手机没用了,我准备买了它。",False,True,False,False,replace:卖->买@14:15,replace:卖->买@12:13
BA-PC-008,BA-preferred,物理状态改变,BA,SVO,这封信是写给你的，我把它拆开了。,这封信是写给你的，我拆开了它。,"这封信是写给你的,我把它拆开了。","这封信是写给你的,我拆开了它。",True,False,False,False,,
BA-PC-009,BA-preferred,物理状态改变,BA,SVO,那个花瓶快掉下来了，幸好我把它抓住了。,那个花瓶快掉下来了，幸好我抓住了它。,"那个花瓶快掉下来了,幸好我把它抓了。","那个花瓶快掉下来了,幸好我找到了它。",False,True,False,False,delete:住->@16:17,replace:抓住->找到@13:15
BA-PC-010,BA-preferred,物理状态改变,BA,SVO,这首曲子太吵了，我把它关了。,这首曲子太吵了，我关了它。,"这首曲子太吵了,我把它关了。","这首曲子太吵了,我关了它。",True,False,False,False,,
BA-PC-011,BA-preferred,物理状态改变,BA,SVO,我的旧电脑太慢了，昨天我把它换了。,我的旧电脑太慢了，昨天我换了它。,"我的旧电脑太慢了,昨天我把它换了。","我的旧电脑太慢了,昨天我换了它。",True,False,False,False,,
BA-PC-012,BA-preferred,物理状态改变,BA,SVO,汤里掉进了一只苍蝇，我只能把它倒了。,汤里掉进了一只苍蝇，我只能倒了它。,"汤里掉进了一只苍蝇,我只能把它倒了。","汤里掉进了一只苍蝇,我只能倒了它。",True,False,False,False,,
BA-PC-013,BA-preferred,物理状态改变,BA,SVO,这张照片拍得不好看，我把它删了。,这张照片拍得不好看，我删了它。,"这张照片拍得不好看,我把它删了。","这张照片拍得不好看,我删了它。",True,False,False,False,,
BA-PC-014,BA-preferred,物理状态改变,BA,SVO,那盘饺子不能剩下，弟弟刚刚把它吃掉了。,那盘饺子不能剩下，弟弟刚刚吃掉了它。,"那盘饺子不能剩下,弟弟刚刚把它吃掉了。","那盘饺子不能剩下,弟弟刚刚吃掉了它。",True,False,False,False,,
BA-PC-015,BA-preferred,物理状态改变,BA,SVO,这个包裹的胶带太紧了，我把它剪开了。,这个包裹的胶带太紧了，我剪开了它。,"这个包裹的胶带太紧了,我把它剪开了。","这个包裹的胶带太紧了,我剪开了它。",True,False,False,False,,
BA-PC-016,BA-preferred,物理状态改变,BA,SVO,这件衣服破了一个洞，妈妈已经把它缝好了。,这件衣服破了一个洞，妈妈已经缝好了它。,"这件衣服破了一个洞,妈妈已经把它缝好了。","这件衣服破了一个洞,妈妈已经缝好了它。",True,False,False,False,,
BA-PC-017,BA-preferred,物理状态改变,BA,SVO,那个面包已经发霉了，我早上把它丢掉了。,那个面包已经发霉了，我早上丢掉了它。,"那个面包已经发霉了,我早上把它丢掉了。","那个面包已经发霉了,我早上丢掉了它。",True,False,False,False,,
BA-PC-018,BA-preferred,物理状态改变,BA,SVO,这碗汤实在太咸了，我加了一些水把它冲淡了。,这碗汤实在太咸了，我加了一些水冲淡了它。,"这碗汤实在太咸了,我加了一些水把它冲淡了。","这碗汤实在太咸了,我加了一些水冲淡了它。",True,False,False,False,,
BA-PC-019,BA-preferred,物理状态改变,BA,SVO,厨房的窗户太脏了，我用抹布把它擦干净了。,厨房的窗户太脏了，我用抹布擦干净了它。,"厨房的窗户太脏了,我用抹布把它擦干净了。","厨房的窗户太脏了,我用抹布擦干净了它。",True,False,False,False,,
BA-PC-020,BA-preferred,物理状态改变,BA,SVO,这个西瓜太大了，我一个人吃不完，先用刀把它切开了。,这个西瓜太大了，我一个人吃不完，先用刀切开了它。,"这个西瓜太大了,我一个人吃不完,先用刀把它切开了。","这个西瓜太大了,我一个人吃不完,先用刀切开了它。",True,False,False,False,,
BA-PC-021,BA-preferred,物理状态改变,BA,SVO,那张画被妹妹涂得乱七八糟，我只能把它扔了。,那张画被妹妹涂得乱七八糟，我只能扔了它。,"那张画被妹妹涂得乱七八糟,我只能把它扔了。","那张画被妹妹涂得乱七八糟,我只能扔了它。",True,False,False,False,,
BA-PC-022,BA-preferred,物理状态改变,BA,SVO,昨天买的肉还没吃，为了保鲜，我先把它冻起来了。,昨天买的肉还没吃，为了保鲜，我先冻起来了它。,"昨天买的肉还没吃,为了保鲜,我先把它冻起来了。","昨天买的肉还没吃,为了保鲜,我先冻起来了它。",True,False,False,False,,
BA-PC-023,BA-preferred,物理状态改变,BA,SVO,我的鞋子昨天淋湿了，我用吹风机把它吹干了。,我的鞋子昨天淋湿了，我用吹风机吹干了它。,"我的鞋子昨天浸湿了,我用吹风机把它吹干了。","我的鞋子昨天浸湿了,我用吹风机吹干了它。",False,True,False,False,replace:淋->浸@6:7,replace:淋->浸@6:7
BA-PC-024,BA-preferred,物理状态改变,BA,SVO,这个汉堡实在太大了，但我太饿了，最后还是把它吃光了。,这个汉堡实在太大了，但我太饿了，最后还是吃光了它。,"这个汉堡实在太大了,但我太饿了,最后还是把它吃光了。","这个汉堡实在太大了,但我太饿了,最后还是吃光了它。",True,False,False,False,,
BA-PC-025,BA-preferred,物理状态改变,BA,SVO,那封旧情书，他用打火机把它烧了。,那封旧情书，他用打火机烧了它。,"那封旧情书,他用打火机把它烧了。","那封旧情书,他用打火机烧了它。",True,False,False,False,,
BA-PC-026,BA-preferred,物理状态改变,BA,SVO,这篇作文有很多错别字，昨天晚上我已经把那些字修改了。,这篇作文有很多错别字，昨天晚上我已经修改了那些字。,"这篇作文有很多错别字,昨天晚上我已经把那些字修改了。","这篇作文有很多错别字,昨天晚上我已经修改了那些字。",True,False,False,False,,
BA-PC-027,BA-preferred,物理状态改变,BA,SVO,墙上的那个钉子太危险，爸爸用锤子把它拔出来了。,墙上的那个钉子太危险，爸爸用锤子拔出它来了。,"墙上的那个钉子太危险,爸爸用锤子把它拔出来了。","墙上的那个钉子太危险,爸爸用锤子拔出它来了。",True,False,False,False,,
BA-PC-028,BA-preferred,物理状态改变,BA,SVO,弟弟的玩具车坏了，我花了一个小时才把它修好了。,弟弟的玩具车坏了，我花了一个小时才修好了它。,"弟弟的玩具车坏了,我花了一个小时才把它修好了。","弟弟的玩具车坏了,我花了一个小时才修好了它。",True,False,False,False,,
BA-PC-029,BA-preferred,物理状态改变,BA,SVO,锅里没有倒水，我不小心把它烧糊了。,锅里没有倒水，我不小心烧糊了它。,"锅里没有倒水,我不小心把它烧糊了。","锅里没有倒水,我不小心烧糊了它。",True,False,False,False,,
BA-PC-030,BA-preferred,物理状态改变,BA,SVO,那个旧纸箱没用了，我一脚把它踩扁了。,那个旧纸箱没用了，我一脚踩扁了它。,"那个旧纸箱没用了,我一脚把它踩扁了。","那个旧纸箱没用了,我一脚踩扁了它。",True,False,False,False,,
BA-PC-031,BA-preferred,物理状态改变,BA,SVO,这条鱼腌好了，妈妈放进锅里把它炖了。,这条鱼腌好了，妈妈放进锅里炖了它。,"这条鱼腌好了,妈妈放进锅里把它炖了。","这条鱼腌好了,妈妈放进锅里炖了它。",True,False,False,False,,
BA-PC-032,BA-preferred,物理状态改变,BA,SVO,那个气球吹得太大了，弟弟拿针一戳就把它扎破了。,那个气球吹得太大了，弟弟拿针一戳就扎破了它。,"那个气球吹得太大了,弟弟拿针一戳就把它扎破了。","那个气球吹得太大了,弟弟拿针一戳就扎破了它。",True,False,False,False,,
BA-PC-033,BA-preferred,物理状态改变,BA,SVO,头发太长了，我昨天去理发店把它剪短了。,头发太长了，我昨天去理发店剪短了它。,"头发太长了,我昨天去理发店把它剪短了。","头发太长了,我昨天去理发店剪短了它。",True,False,False,False,,
BA-PC-034,BA-preferred,物理状态改变,BA,SVO,这张纸太大了，放不进信封，我只好把它折起来了。,这张纸太大了，放不进信封，我只好折起它来了。,"这张纸太大了,放不进信封,我只好把它折起来了。","这张纸太大了,放不进信封,我只好折起它来了。",True,False,False,False,,
BA-PC-035,BA-preferred,物理状态改变,BA,SVO,我的铅笔头断了，我用小刀重新把它削尖了。,我的铅笔头断了，我用小刀重新削尖了它。,"我的橡皮头断了,我用小刀重新把它削尖了。","我的铅笔头断了,我用小刀重新削尖了它。",False,False,False,False,replace:铅笔->橡皮@2:4,
BA-PC-036,BA-preferred,物理状态改变,BA,SVO,这个旧杯子有裂缝，我不小心把它打碎了。,这个旧杯子有裂缝，我不小心打碎了它。,"这个旧杯子有裂缝,我不小心把它打碎了。","这个旧杯子有裂缝,我不小心打碎了它。",True,False,False,False,,
BA-PC-037,BA-preferred,物理状态改变,BA,SVO,地上的那张废纸，我捡起来顺手把它扔了。,地上的那张废纸，我捡起来顺手扔了它。,"地上的那张废纸,我捡起来顺手把它扔了。","地上的那张废纸,我捡起来顺手扔了它。",True,False,False,False,,
BA-PC-038,BA-preferred,物理状态改变,BA,SVO,昨天晚上剩下的米饭，我早上加了蛋把它炒了。,昨天晚上剩下的米饭，我早上加了蛋炒了它。,"昨天晚上剩下的米饭,我早上加了蛋把它炒了。","昨天晚上剩下的米饭,我早上加了蛋炒了它。",True,False,False,False,,
BA-PC-039,BA-preferred,物理状态改变,BA,SVO,这瓶矿泉水我已经打开了，你赶紧把它喝了吧。,这瓶矿泉水我已经打开了，你赶紧喝了它吧。,"这瓶矿泉水我已经打开了,你赶紧把它喝了吧。","这瓶矿泉水我已经打开了,你赶紧喝了它吧。",True,False,False,False,,
BA-PC-040,BA-preferred,物理状态改变,BA,SVO,那块大石头挡在路中间，工人们用机器把它砸碎了。,那块大石头挡在路中间，工人们用机器砸碎了它。,"那块大石头挡在路中间,工人们用机器把它砸碎了。","那块大石头挡在路中间,工人们用机器砸碎了它。",True,False,False,False,,
BA-PC-041,BA-preferred,物理状态改变,BA,SVO,外面太阳很大，被子很潮湿，妈妈拿出去把它晒干了。,外面太阳很大，被子很潮湿，妈妈拿出去晒干了它。,"外面太阳很大,被子很潮湿,妈妈拿出去把它晒干了。","外面太阳很大,被子很潮湿,妈妈拿出去晒干了它。",True,False,False,False,,
BA-PC-042,BA-preferred,物理状态改变,BA,SVO,这个木头椅子不结实了，爷爷用钉子把它加固了。,这个木头椅子不结实了，爷爷用钉子加固了它。,"这个木头椅子不结实了,爷爷用钉子把它加固了。","这个木头椅子不结实了,爷爷用钉子加固了它。",True,False,False,False,,
BA-PC-043,BA-preferred,物理状态改变,BA,SVO,我的旧裤子太长了，昨天裁缝把它改短了。,我的旧裤子太长了，昨天裁缝改短了它。,"我的旧裤子太长了,昨天裁缝把它改短了。","我的旧裤子太长了,昨天裁缝改短了它。",True,False,False,False,,
BA-PC-044,BA-preferred,物理状态改变,BA,SVO,这篇文章写得太长了，我就把它缩短了。,这篇文章写得太长了，我就缩短了它。,"这篇文章写得太长了,我就把它缩短了。","这篇文章写得太长了,我就缩短了它。",True,False,False,False,,
BA-PC-045,BA-preferred,物理状态改变,BA,SVO,那个旧轮胎漏气了，修车师傅把它补好了。,那个旧轮胎漏气了，修车师傅补好了它。,"那个旧轮胎漏气了,修车师傅把它补好了。","那个旧轮胎漏气了,修车师傅补好了它。",True,False,False,False,,
BA-PC-046,BA-preferred,物理状态改变,BA,SVO,这杯茶已经凉透了，我不喜欢喝凉茶，就把它倒掉了。,这杯茶已经凉透了，我不喜欢喝凉茶，就倒掉它了。,"这杯茶已经凉透了,我不喜欢喝凉茶,就把它倒掉了。","这杯茶已经凉透了,我不喜欢喝凉茶,就倒掉它了。",True,False,False,False,,
BA-PC-047,BA-preferred,物理状态改变,BA,SVO,听说你想吃饼干，我现在已经把它烤熟了。,听说你想吃饼干，我现在已经烤熟它了。,"听说你想吃饼干,我现在已经把它烤熟了。","听说你想吃饼干,我现在已经烤熟它了。",True,False,False,False,,
BA-PC-048,BA-preferred,物理状态改变,BA,SVO,弟弟把口香糖吐在纸巾里，他把它包起来了。,弟弟把口香糖吐在纸巾里，他包起它来了。,"弟弟把口香糖吐在纸巾里,他把它包起来了。","弟弟把口香糖吐在纸巾里,他抱起他来了。",True,True,True,False,,replace:包->抱@13:14 | replace:它->他@15:16
BA-PC-049,BA-preferred,物理状态改变,BA,SVO,那个闹钟一直响个不停，我伸手把它关掉了。,那个闹钟一直响个不停，我伸手关掉它了。,"那个闹钟一直响个不停,我伸手把它关掉了。","那个闹钟一直响个不停,我伸手关掉它了。",True,False,False,False,,
BA-PC-050,BA-preferred,物理状态改变,BA,SVO,这盒冰淇淋马上就要融化了，你快点把它吃了吧。,这盒冰淇淋马上就要融化了，你快点吃了它吧。,"这盒冰淇淋马上就要融化了,你快点把它吃了吧。","这盒冰淇淋马上就要融化了,你快点吃了它吧。",True,False,False,False,,
BA-SD-001,BA-preferred,空间位移,BA,SVO,你的外套放在沙发上太乱了，我把它挂起来了。,你的外套放在沙发上太乱了，我挂起它来了。,"你的外套放在沙发上太乱了,我把它挂起来了。","你的外套放在沙发上太乱了,我挂起它来了。",True,False,False,False,,
BA-SD-002,BA-preferred,空间位移,BA,SVO,外面下雨了，院子里的自行车，我已经把它推进来了。,外面下雨了，院子里的自行车，我已经推它进来了。,"外面下雨了,院子里的自行车,我已经把它推进来了。","外面下雨了,院子里的自行车,我已经推它进来了。",True,False,False,False,,
BA-SD-003,BA-preferred,空间位移,BA,SVO,这本书我看完了，昨天我把它放回书架了。,这本书我看完了，昨天我放它回书架了。,"这本书我看完了,昨天我把它放回书架了。","这本书我看完了,昨天我放他回书架了。",True,True,True,False,,replace:它->他@12:13
BA-SD-004,BA-preferred,空间位移,BA,SVO,垃圾桶满了，出门的时候我把垃圾扔了。,垃圾桶满了，出门的时候我扔了垃圾。,"垃圾桶满了,出门的时候我把垃圾扔了。","垃圾桶满了,出门的时候我扔了垃圾。",True,False,False,False,,
BA-SD-005,BA-preferred,空间位移,BA,SVO,行李箱太重了，我叫人把它搬上楼了。,行李箱太重了，我叫人搬它上了楼。,"行李箱太重了,我叫人把它搬上楼了。","行李箱太重了,我叫人搬他上了楼。",True,True,True,False,,replace:它->他@11:12
BA-SD-006,BA-preferred,空间位移,BA,SVO,刚买的啤酒不凉，我把它放进冰箱了。,刚买的啤酒不凉，我放它进了冰箱。,"刚买的啤酒不凉,我把它放进冰箱了。","刚买的啤酒不亮,我放他进了冰箱。",True,True,True,False,,replace:凉->亮@6:7 | replace:它->他@10:11
BA-SD-007,BA-preferred,空间位移,BA,SVO,钱包掉在地上了，我把它捡起来了。,钱包掉在地上了，我捡起它来了。,"钱包掉在地上了,我把它捡起来了。","钱包掉在地上了,我捡起他来了。",True,True,True,False,,replace:它->他@11:12
BA-SD-008,BA-preferred,空间位移,BA,SVO,你的帽子掉在椅子下了，我把它拿走了。,你的帽子掉在椅子下了，我拿走了它。,"你的帽子掉在椅子底下了,我把它拿走了。","你的帽子掉在椅子底下了,我拿走了它。",False,True,False,False,insert:->底@8:8,insert:->底@8:8
BA-SD-009,BA-preferred,空间位移,BA,SVO,这些旧报纸没用了，我把它们丢到门外了。,这些旧报纸没用了，我丢它们到门外了。,"这些旧报纸没用了,我把它们丢到门外了。","这些旧报纸没用了,我丢它们到门外了。",True,False,False,False,,
BA-SD-010,BA-preferred,空间位移,BA,SVO,黑板上的字写错了，老师把它擦掉了。,黑板上的字写错了，老师擦掉了它。,"黑板上的字写错了,老师把它擦掉了。","黑板上的字写错了,老师擦掉了它。",True,False,False,False,,
BA-SD-011,BA-preferred,空间位移,BA,SVO,确认没有拼写错误之后，秘书走进经理办公室把那份重要文件递过去了。,确认没有拼写错误之后，秘书走进经理办公室递过去了那份重要文件。,"确认没有拼写错误之后,秘书走进经理办公室把那份重要文件递过去了。","确认没有拼写错误之后,秘书走进经理办公室递过去了那份重要文件。",True,False,False,False,,
BA-SD-012,BA-preferred,空间位移,BA,SVO,弟弟对动物毛发过敏，所以妈妈只能把那只小狗抱出去了。,弟弟对动物毛发过敏，所以妈妈只能抱出去了那只小狗。,"弟弟对动物毛发过敏,所以妈妈只能把那只小狗抱出去了。","弟弟对动物毛发过敏,所以妈妈只能抱出去了那只小狗。",True,False,False,False,,
BA-SD-013,BA-preferred,空间位移,BA,SVO,看到桌子上前女友的照片，他叹了一口气，然后把那张旧照片收了起来。,看到桌子上前女友的照片，他叹了一口气，然后收起来了那张旧照片。,"看到桌子上前女友的照片,他叹了一口气,然后把那张旧照片收了起来。","看到桌子上前女友的照片,他叹了一口气,然后收起来了那张旧照片。",True,False,False,False,,
BA-SD-014,BA-preferred,空间位移,BA,SVO,这个沙发挡住了门，我们把它移开了。,这个沙发挡住了门，我们移开了它。,"这个沙发挡住了门,我们把它移开了。","这个沙发挡住了门,我们移开了它。",True,False,False,False,,
BA-SD-015,BA-preferred,空间位移,BA,SVO,那只小猫在雨里很冷，我把它抱回家了。,那只小猫在雨里很冷，我抱它回家了。,"那只小猫在雨里很冷,我把它抱回家了。","那只小猫在雨里很冷,我抱它回家了。",True,False,False,False,,
BA-SD-016,BA-preferred,空间位移,BA,SVO,这个抽屉太满了，我把不需要的东西拿出来了。,这个抽屉太满了，我拿出来不需要的东西了。,"这个口袋太满了,我把不需要的东西拿出来了。","这个口袋太满了,我拿出来不需要的东西了。",False,True,False,False,replace:抽屉->口袋@2:4,replace:抽屉->口袋@2:4
BA-SD-017,BA-preferred,空间位移,BA,SVO,刚买的鸡蛋怕摔碎，妈妈小心地把它放进了篮子里。,刚买的鸡蛋怕摔碎，妈妈小心地放它进了篮子。,"刚买的鸡蛋怕摔碎,妈妈小心地把它放进了篮子里。","刚买的鸡蛋怕摔碎,妈妈小心地放他进了篮子。",True,True,True,False,,replace:它->他@15:16
BA-SD-018,BA-preferred,空间位移,BA,SVO,地图太大了不好拿，我上车前把它卷起来了。,地图太大了不好拿，我上车前卷起它来了。,"地图太大了不好拿,我上车前把它卷起来了。","地图太大了不好拿,我上车前卷起它来了。",True,False,False,False,,
BA-SD-019,BA-preferred,空间位移,BA,SVO,客厅的那个旧沙发，搬家公司今天早上已经把它运走了。,客厅的那个旧沙发，搬家公司今天早上已经运走它了。,"客厅的那个旧沙发,搬家公司今天早上已经把它运走了。","客厅的那个旧沙发,搬家公司今天早上已经运走他了。",True,True,True,False,,replace:它->他@21:22
BA-SD-020,BA-preferred,空间位移,BA,SVO,你的身份证落在我这里了，我明天下午把它送过去。,你的身份证落在我这里了，我明天下午送它过去。,"你的身份证落在我这里了,我明天下午把它送过去。","你的身份证落在我这里了,我明天下午送他过去。",True,True,True,False,,replace:它->他@18:19
BA-SD-021,BA-preferred,空间位移,BA,SVO,下班时间到了，他关上电脑，迅速地把那台电脑收进去了。,下班时间到了，他关上电脑，迅速地收进去了那台电脑。,"下班时间到了,他关上电脑,迅速地把那台电脑收进去了。","下班时间到了,他关上电脑,迅速地收进去了那台电脑。",True,False,False,False,,
BA-SD-022,BA-preferred,空间位移,BA,SVO,那个大纸箱在路边太危险，环卫工人把它拖走了。,那个大纸箱在路边太危险，环卫工人拖走了它。,"那个大纸箱在路边太危险,环卫工人把它拖走了。","那个大纸箱在路边太危险,环卫工人拖走了它。",True,False,False,False,,
BA-SD-023,BA-preferred,空间位移,BA,SVO,这封挂号信很重要，邮递员准时把它放进了信箱。,这封挂号信很重要，邮递员准时放它进了信箱。,"这封挂号信很重要,邮递员准时把它放进了信箱。","这封挂号信很重要,邮递员准时放他进了信箱。",True,True,True,False,,replace:它->他@15:16
BA-SD-024,BA-preferred,空间位移,BA,SVO,大家吃完晚饭后，懂事的妹妹主动帮忙把那几个空碗端进去了。,大家吃完晚饭后，懂事的妹妹主动帮忙端进去了那几个空碗。,"大家吃完晚饭后,懂事的妹妹主动帮忙把那几个空碗端进去了。","大家吃完晚饭后,懂事的妹妹主动帮忙端进去了那几个空碗。",True,False,False,False,,
BA-SD-025,BA-preferred,空间位移,BA,SVO,那几本书实在太重了，我帮你把它们拿上车吧。,那几本书实在太重了，我帮你拿它们上车吧。,"那几本书实在太重了,我帮你把它们拿上车吧。","那几本书实在太重了,我帮你拿他们上车吧。",True,True,True,False,,replace:它->他@14:15
BA-SD-026,BA-preferred,空间位移,BA,SVO,听到老师的脚步声，正在玩游戏的同学赶紧把那个手机藏起来了。,听到老师的脚步声，正在玩游戏的同学赶紧藏起来了那个手机。,"听到老师的脚步声,正在玩游戏的同学赶紧把那个手机藏起来了。","听到老师的脚步声,正在玩游戏的同学赶紧藏起来了那个手机。",True,False,False,False,,
BA-SD-027,BA-preferred,空间位移,BA,SVO,办公室里的那台旧打印机坏了，刚才管理员把那台打印机搬走了。,办公室里的那台旧打印机坏了，刚才管理员搬走了那台打印机。,"办公室里的那台旧打印机坏了,刚才管理员把那台打印机搬走了。","办公室里的那台旧打印机坏了,刚才管理员搬走了那台打印机。",True,False,False,False,,
BA-SD-028,BA-preferred,空间位移,BA,SVO,天气突然变热了，我把那件裙子拿出来了。,天气突然变热了，我拿出了那件裙子。,"天气突然变热了,我把那件裙子拿出来了。","天气突然变热了,我拿出了那件裙子。",True,False,False,False,,
BA-SD-029,BA-preferred,空间位移,BA,SVO,快递员递给我一个大包裹，我就把那个包裹收下了。,快递员递给我一个大包裹，我就收下了那个包裹。,"快递员递给我一个大包裹,我就把那个包裹收下了。","快递员递给我一个大包裹,我就收下了那个包裹。",True,False,False,False,,
BA-SD-030,BA-preferred,空间位移,BA,SVO,课桌上堆了很多书，他为了腾出地方写作业，就把那几本书拿开了。,课桌上堆了很多书，他为了腾出地方写作业，就拿开了那几本书。,"课桌上堆了很多书,他为了腾出地方写作业,就把那几本书拿开了。","课桌上堆了很多书,他为了腾出地方写作业,就拿开了那几本书。",True,False,False,False,,
BA-SD-031,BA-preferred,空间位移,BA,SVO,桌子上的书太乱了，我刚才把它们收起来了。,桌子上的书太乱了，我刚才收起它们来了。,"桌子上的书太乱了,我刚才把它们收起来了。","桌子上的书太乱了,我刚才收起他们来了。",True,True,True,False,,replace:它->他@14:15
BA-SD-032,BA-preferred,空间位移,BA,SVO,刚放学回家，他一进门就觉得非常累，马上把那个沉重的书包放下了。,刚放学回家，他一进门就觉得非常累，马上放下了那个沉重的书包。,"刚放学回家,他一进门就觉得非常累,马上把那个沉重的书包放下了。","刚放学回家,他一进门就觉得非常累,马上放下了那个沉重的书包。",True,False,False,False,,
BA-SD-033,BA-preferred,空间位移,BA,SVO,桌子上的这幅画很漂亮，爸爸决定明天把它挂起来。,桌子上的这幅画很漂亮，爸爸决定明天挂起它来。,"桌子上的这幅画很漂亮,爸爸决定明天把它挂起来。","桌子上的这幅画很漂亮,爸爸决定明天挂起它来。",True,False,False,False,,
BA-SD-034,BA-preferred,空间位移,BA,SVO,昨天天气非常晴朗，奶奶一大早就打开门把那床厚被子抱出去了。,昨天天气非常晴朗，奶奶一大早就打开门抱出去了那床厚被子。,"昨天天气非常晴朗,奶奶一大早就打开门把那床厚被子抱出去了。","昨天天气非常晴朗,奶奶一大早就打开门抱出去了那床厚被子。",True,False,False,False,,
BA-SD-035,BA-preferred,空间位移,BA,SVO,口袋里的硬币掉出来了，我捡起来，又把它装回去了。,口袋里的硬币掉出来了，我捡起来，又装它回去了。,"口袋里的硬币掉出来了,我捡起来,又把它装回去了。","口袋里的硬币掉出来了,我捡起来,又装他回去了。",True,True,True,False,,replace:它->他@18:19
BA-SD-036,BA-preferred,空间位移,BA,SVO,墙角的那盆花因为没有阳光快要枯萎了，我赶紧把那盆花移出来了。,墙角的那盆花因为没有阳光快要枯萎了，我赶紧移出来了那盆花。,"墙角的那盆花因为没有阳光快要枯萎了,我赶紧把那盆花移出来了。","墙角的那盆花因为没有阳光快要枯萎了,我赶紧移出来了那盆花。",True,False,False,False,,
BA-SD-037,BA-preferred,空间位移,BA,SVO,这盆花需要阳光，今天早上我把它搬到阳台上了。,这盆花需要阳光，今天早上我搬它到阳台上了。,"这盆花需要阳光,今天早上我把它搬到阳台上了。","这盆花需要阳光,今天早上我搬他到阳台上了。",True,True,True,False,,replace:它->他@14:15
BA-SD-038,BA-preferred,空间位移,BA,SVO,银行卡掉在了沙发缝里，我找了半天，终于伸手把那张银行卡拿出来了。,银行卡掉在了沙发缝里，我找了半天，终于伸手拿出来了那张银行卡。,"银行卡掉在了沙发缝里,我找了半天,终于伸手把那张银行卡拿出来了。","银行卡掉在了沙发缝里,我找了半天,终于伸手拿出来了那张银行卡。",True,False,False,False,,
BA-SD-039,BA-preferred,空间位移,BA,SVO,抽屉里的那份合同很重要，我把它拿出来了。,抽屉里的那份合同很重要，我拿出它来了。,"革单里的那份合同很重要,我把它拿出来了。","衣柜里的那份合同很重要,我拿出它来了。",False,True,False,False,replace:抽屉->革单@0:2,replace:抽屉->衣柜@0:2
BA-SD-040,BA-preferred,空间位移,BA,SVO,厨房里的垃圾味道太大了，我早上出门去上班时顺便把那袋垃圾带出去了。,厨房里的垃圾味道太大了，我早上出门去上班时顺便带出去了那袋垃圾。,"厨房里的垃圾味道太大了,我早上出门去上班时顺便把那袋垃圾带出去了。","厨房里的垃圾味道太大了,我早上出门去上班时顺便带出去了那袋垃圾。",True,False,False,False,,
BA-SD-041,BA-preferred,空间位移,BA,SVO,门口的那袋垃圾发臭了，我上班时顺手把它带下楼了。,门口的那袋垃圾发臭了，我上班时顺手带它下楼了。,"门口的那袋垃圾发臭了,我上班时顺手把它带下楼了。","门口的那袋垃圾发臭了,我上班时顺手带他下楼了。",True,True,True,False,,replace:它->他@18:19
BA-SD-042,BA-preferred,空间位移,BA,SVO,这些明信片是给朋友的，我明天去邮局把它们寄出去。,这些明信片是给朋友的，我明天去邮局寄出去它们。,"这些明信片是给朋友的,我明天去邮局把它们寄出去。","这些明信片是给朋友的,我明天去邮局寄出去它们。",True,False,False,False,,
BA-SD-043,BA-preferred,空间位移,BA,SVO,今天外面的阳光特别好，爷爷走到客厅，慢慢地把那把旧椅子搬出去了。,今天外面的阳光特别好，爷爷走到客厅，慢慢地搬出去了那把旧椅子。,"今天外面的阳光特别好,爷爷走到客厅,慢慢地把那把旧椅子搬出去了。","今天外面的阳光特别好,爷爷走到客厅,慢慢地搬出去了那把旧椅子。",True,False,False,False,,
BA-SD-044,BA-preferred,空间位移,BA,SVO,护照是非常重要的东西，你一定要把它收好。,护照是非常重要的东西，你一定要收好它。,"护照是非常重要的东西,你一定要把它收好。","护照是非常重要的东西,你一定要收好他。",True,True,True,False,,replace:它->他@17:18
BA-SD-045,BA-preferred,空间位移,BA,SVO,黑板擦不见了，原来是有同学下课后把它拿走了。,黑板擦不见了，原来是有同学下课后拿走它了。,"黑板擦不见了,原来是有同学下课后把它拿走了。","黑板擦不见了,原来是有同学下课后拿走他了。",True,True,True,False,,replace:它->他@18:19
BA-SD-046,BA-preferred,空间位移,BA,SVO,冰箱门没关紧，我走过去轻轻地把它推上了。,冰箱门没关紧，我走过去轻轻地推上了它。,"冰箱门没关紧,我走过去轻轻地把它推上了。","冰箱门没关紧,我走过去轻轻地推上了它。",True,False,False,False,,
BA-SD-047,BA-preferred,空间位移,BA,SVO,那个大纸箱挡在走廊中间，非常危险，我叫同事帮忙把那个大箱子推开了。,那个大纸箱挡在走廊中间，非常危险，我叫同事帮忙推开了那个大箱子。,"那个大纸箱挡在走廊中间,非常危险,我叫同事帮忙把那个大箱子推开了。","那个大纸箱挡在走廊中间,非常危险,我叫同事帮忙推开了那个大箱子。",True,False,False,False,,
BA-SD-048,BA-preferred,空间位移,BA,SVO,这个广告牌在路边很容易挡住视线，警察昨天把它拆下来了。,这个广告牌在路边很容易挡住视线，警察昨天拆下它来了。,"这个广告牌在路边很容易挡住视线,警察昨天把它拆下来了。","这个广告牌在路边很容易挡住视线,警察昨天拆下他来了。",True,True,True,False,,replace:它->他@22:23
BA-SD-049,BA-preferred,空间位移,BA,SVO,盘子里的那些菜太远了，你能帮忙把它端过来吗？,盘子里的那些菜太远了，你能帮忙端它过来吗？,"盘子里的那些菜太远了,你能帮忙把它端过来吗?","盘子里的那些菜太远了,你能帮忙端它过来吗?",True,False,False,False,,
BA-SD-050,BA-preferred,空间位移,BA,SVO,你的外套掉在客厅地上了，我顺手把它挂到门后了。,你的外套掉在客厅地上了，我顺手挂到门后了。,"你的外套掉在客厅地上了,我顺手把它挂到门后了。","你的外套掉在客厅地上了,我顺手挂到门后了。",True,False,False,False,,
SVO-HG-001,SVO-preferred,习惯性动作与泛指,SVO,BA,弟弟非常喜欢运动，每天下午都去操场踢足球。,弟弟非常喜欢运动，每天下午都去操场把足球踢了。,"弟弟非常喜欢运动,每天下午都去操场踢足球。","弟弟非常喜欢运动,每天下午都去操场把足球踢了。",True,False,False,False,,
SVO-HG-002,SVO-preferred,习惯性动作与泛指,SVO,BA,老板每天到办公室以后，都会先在桌子前喝咖啡。,老板每天到办公室以后，都会先在桌子前把咖啡喝了。,"老板每天到办公室以后,都会先在桌子前喝咖啡。","老板每天到办公室以后,都会先在桌子前把咖啡喝了。",True,False,False,False,,
SVO-HG-003,SVO-preferred,习惯性动作与泛指,SVO,BA,她很喜欢阅读，她回家的第一件事就是坐在沙发上看书。,她很喜欢阅读，她回家的第一件事就是坐在沙发上把书看了。,"她很喜欢阅读,她回家的第一件事就是坐在沙发上看书。","她很喜欢阅读,她回家的第一件事就是坐在沙发上把书看了。",True,False,False,False,,
SVO-HG-004,SVO-preferred,习惯性动作与泛指,SVO,BA,每天中午十二点，工厂的工人们都会准时去食堂吃午饭。,每天中午十二点，工厂的工人们都会准时去食堂把午饭吃了。,"每天中午十二点,工厂的工人们都会准时去食堂吃晚饭。","每天中午十二点,工厂的工人们都会准时去食堂把午饭吃了。",False,False,False,False,replace:午->晚@22:23,
SVO-HG-005,SVO-preferred,习惯性动作与泛指,SVO,BA,这所学校的管理很严格，老师要求学生们要大声地读课文。,这所学校的管理很严格，老师要求学生们要大声地把课文读了。,"这所学校的管理很严格,老师要求学生们要大声地读课文。","这所学校的管理很严格,老师要求学生们要大声地把课文读了。",True,False,False,False,,
SVO-HG-006,SVO-preferred,习惯性动作与泛指,SVO,BA,我平时不爱喝饮料，只喝白开水。,我平时不爱喝饮料，只把白开水喝了。,"我平时不爱喝饮料,只喝开水。","我平时不爱喝饮料,只把矿泉水喝了。",False,True,False,False,delete:白->@11:12,replace:白开->矿泉@11:13
SVO-HG-007,SVO-preferred,习惯性动作与泛指,SVO,BA,为了准备下个月的考试，他每天在图书馆背单词。,为了准备下个月的考试，他每天在图书馆把单词背了。,"为了准备下个月的考试,他每天在图书馆学英语。","为了准备下个月的考试,他每天在图书馆把单词背了。",False,False,False,False,replace:背单词->学英语@18:21,
SVO-HG-008,SVO-preferred,习惯性动作与泛指,SVO,BA,每天晚上睡觉以前，我都去卫生间刷牙。,每天晚上睡觉以前，我都去卫生间把牙刷了。,"每天晚上睡觉以前,我都去卫生间刷牙。","每天晚上睡觉以前,我都去卫生间把牙刷了。",True,False,False,False,,
SVO-HG-009,SVO-preferred,习惯性动作与泛指,SVO,BA,每个周末去公园的时候，奶奶总在湖边听歌。,每个周末去公园的时候，奶奶总在湖边把歌听了。,"每个周末去公园的时候,奶奶总在湖边听歌。","每个周末去公园的时候,奶奶总在湖边把歌听了。",True,False,False,False,,
SVO-HG-010,SVO-preferred,习惯性动作与泛指,SVO,BA,弟弟不开心的时候，喜欢在房间里弹吉他。,弟弟不开心的时候，喜欢在房间里把吉他弹了。,"弟弟不开心的时候,喜欢在房间里弹吉他。","弟弟不开心的时候,喜欢在房间里把吉他弹了。",True,False,False,False,,
SVO-HG-011,SVO-preferred,习惯性动作与泛指,SVO,BA,每天早上吃早饭的时候，弟弟都会喝牛奶。,每天早上吃早饭的时候，弟弟都会把牛奶喝了。,"每天早上吃早饭的时候,弟弟都会喝牛奶。","每天早上吃早饭的时候,弟弟都会把牛奶喝了。",True,False,False,False,,
SVO-HG-012,SVO-preferred,习惯性动作与泛指,SVO,BA,每天早上六点起床后，爷爷常常坐在院子里听广播。,每天早上六点起床后，爷爷常常坐在院子里把广播听了。,"每天早上六点起床后,爷爷常常坐在院子里听广播。","每天早上六点起床后,爷爷常常坐在院子里把广播听了。",True,False,False,False,,
SVO-HG-013,SVO-preferred,习惯性动作与泛指,SVO,BA,每天下班回家后，爸爸总是习惯坐在沙发上打开手机看新闻。,每天下班回家后，爸爸总是习惯坐在沙发上打开手机把新闻看了。,"每天下班回家后,爸爸总是习惯坐在沙发上打开手机看新闻。","每天下班回家后,爸爸总是习惯坐在沙发上打开手机把新闻看了。",True,False,False,False,,
SVO-HG-014,SVO-preferred,习惯性动作与泛指,SVO,BA,每天晚上睡觉前，妹妹都会坐在书桌前安静地写日记。,每天晚上睡觉前，妹妹都会坐在书桌前安静地把日记写了。,"每天晚上睡觉前,妹妹都会坐在书桌前安静地写日记。","每天晚上睡觉前,妹妹都会坐在书桌前安静地把日记写了。",True,False,False,False,,
SVO-HG-015,SVO-preferred,习惯性动作与泛指,SVO,BA,每个周末下午五点，邻居家的女儿都会在自己的房间里弹钢琴。,每个周末下午五点，邻居家的女儿都会在自己的房间里把钢琴弹了。,"每个周末下午五点,邻居家的女儿都会在自己的房间里弹钢琴。","每个周末下午五点,邻居家的女儿都会在自己的房间里把钢琴弹了。",True,False,False,False,,
SVO-HG-016,SVO-preferred,习惯性动作与泛指,SVO,BA,每次去超市，她习惯推着车子买零食。,每次去超市，她习惯推着车子把零食买了。,"每次去超市,她习惯推着车子买零食。","每次去超市,她习惯推着车子把零食买了。",True,False,False,False,,
SVO-HG-017,SVO-preferred,习惯性动作与泛指,SVO,BA,妈妈非常喜欢植物，每次去超市的时候，她都会顺便买鲜花。,妈妈非常喜欢植物，每次去超市的时候，她都会顺便把鲜花买了。,"妈妈非常喜欢植物,每次去超市的时候,她都会顺便买鲜花。","妈妈非常喜欢植物,每次去超市的时候,她都会顺便把鲜花买了。",True,False,False,False,,
SVO-HG-018,SVO-preferred,习惯性动作与泛指,SVO,BA,王老师平时不爱喝咖啡，他每天在办公室只喝绿茶。,王老师平时不爱喝咖啡，他每天在办公室只把绿茶喝了。,"王老师平时不爱喝咖啡,他每天在办公室只喝绿茶。","王老师平时不爱喝咖啡,他每天在办公室只把绿茶喝了。",True,False,False,False,,
SVO-HG-019,SVO-preferred,习惯性动作与泛指,SVO,BA,为了学好汉语，他每天都坚持在练习本上写汉字。,为了学好汉语，他每天都坚持在练习本上把汉字写了。,"为了学好汉语,他每天都坚持在练习本上写汉字。","为了学好汉语,他每天都坚持在练习本上把汉字写了。",True,False,False,False,,
SVO-HG-020,SVO-preferred,习惯性动作与泛指,SVO,BA,经理每天早上到了公司，第一件事就是打开电脑查邮件。,经理每天早上到了公司，第一件事就是打开电脑把邮件查了。,"经理每天早上到了公司,第一件事就是打开电脑查邮件。","经理每天早上到了公司,第一件事就是打开电脑把邮件查了。",True,False,False,False,,
SVO-HG-021,SVO-preferred,习惯性动作与泛指,SVO,BA,每次坐地铁的时候，为了打发时间，我都会戴上耳机听音乐。,每次坐地铁的时候，为了打发时间，我都会戴上耳机把音乐听了。,"每次坐地铁的时候,为了打发时间,我都会戴上耳机听音乐。","每次坐地铁的时候,为了打发时间,我都会戴上耳机把音乐听了。",True,False,False,False,,
SVO-HG-022,SVO-preferred,习惯性动作与泛指,SVO,BA,小区里有一位好心的阿姨，每天傍晚都会去花园喂流浪猫。,小区里有一位好心的阿姨，每天傍晚都会去花园把流浪猫喂了。,"小区里有一位好心的阿姨,每天傍晚都会去花园喂流浪猫。","小区里有一位好心的阿姨,每天傍晚都会去花园把流浪猫喂了。",True,False,False,False,,
SVO-HG-023,SVO-preferred,习惯性动作与泛指,SVO,BA,这位护士很细心，每天都会按时给每个病人量体温。,这位护士很细心，每天都会按时给每个病人把体温量了。,"这位护士很细心,每天都会按时给每个病人量体温。","这位护士很细心,每天都会按时给每个病人把体温量了。",True,False,False,False,,
SVO-HG-024,SVO-preferred,习惯性动作与泛指,SVO,BA,他的视力不太好，只要是看书或者看电脑，就一定会戴上眼镜。,他的视力不太好，只要是看书或者看电脑，就一定会把眼镜戴上。,"他的视力不太好,只要是看书或者看电脑,就一定会戴上眼镜。","他的视力不太好,只要是看书或者看电脑,就一定会把眼镜戴上。",True,False,False,False,,
SVO-HG-025,SVO-preferred,习惯性动作与泛指,SVO,BA,那位经理很有责任心，每天上班第一件事就是在电脑前回邮件。,那位经理很有责任心，每天上班第一件事就是在电脑前把邮件回了。,"那位经理很有责任感,每天上班第一件事就是在电脑前回邮件。","那位经理很有责任感,每天上班第一件事就是在电脑前把邮件回了。",False,True,False,False,replace:心->感@8:9,replace:心->感@8:9
SVO-HG-026,SVO-preferred,习惯性动作与泛指,SVO,BA,农民伯伯很辛苦，每天天亮就会去地里干农活。,农民伯伯很辛苦，每天天亮就会去地里把农活干了。,"农民伯伯很辛苦,每天天亮就会去地里干农活。","农民伯伯很辛苦,每天天亮就会去地里把农活干了。",True,False,False,False,,
SVO-HG-027,SVO-preferred,习惯性动作与泛指,SVO,BA,弟弟放暑假了，每天下午做完作业后，他都会用平板电脑玩游戏。,弟弟放暑假了，每天下午做完作业后，他都会用平板电脑把游戏玩了。,"弟弟放暑假了,每天下午做完作业后,他都会用平板电脑玩游戏。","弟弟放暑假了,每天下午做完作业后,他都会用平板电脑把游戏完了。",True,True,True,False,,replace:玩->完@28:29
SVO-HG-028,SVO-preferred,习惯性动作与泛指,SVO,BA,每天幼儿园放学后，孩子们最期待的事情就是坐在电视机前看动画片。,每天幼儿园放学后，孩子们最期待的事情就是坐在电视机前把动画片看了。,"每天幼儿园放学后,孩子们最期待的事情就是坐在电视机前看动画片。","每天幼儿园放学后,孩子们最期待的事情就是坐在电视机前把动画片看了。",True,False,False,False,,
SVO-HG-029,SVO-preferred,习惯性动作与泛指,SVO,BA,为了促进消化，她每天吃完午饭半小时后，都会喝酸奶。,为了促进消化，她每天吃完午饭半小时后，都会把酸奶喝了。,"为了促进消化,她每天吃完午饭半小时后,都会喝酸奶。","为了促进消化,她每天吃完午饭半小时后,都会把酸奶喝了。",True,False,False,False,,
SVO-HG-030,SVO-preferred,习惯性动作与泛指,SVO,BA,妈妈对烘焙很感兴趣。每个周末的早上，她都会在厨房里烤面包。,妈妈对烘焙很感兴趣。每个周末的早上，她都会在厨房里把面包烤了。,"妈妈对烘焙很感兴趣。每个周末的早上,她都会在厨房里烤面包。","妈妈对烘焙很感兴趣。每个周末的早上,她都会在厨房里把面包烤了。",True,False,False,False,,
SVO-HG-031,SVO-preferred,习惯性动作与泛指,SVO,BA,每个深夜，我都看见那位年轻作家在电脑前写小说。,每个深夜，我都看见那位年轻作家在电脑前把小说写了。,"每个深夜,我都看见那位年轻作家在电脑前写小说。","每个深夜,我都看见那位年轻作家在电脑前把小说写了。",True,False,False,False,,
SVO-HG-032,SVO-preferred,习惯性动作与泛指,SVO,BA,每个星期五晚上，她都会去电影院看新电影。,每个星期五晚上，她都会去电影院把新电影看了。,"每个星期五晚上,她都会去电影院看新电影。","每个星期五晚上,她都会去电影院把新电影看了。",True,False,False,False,,
SVO-HG-033,SVO-preferred,习惯性动作与泛指,SVO,BA,为了保持皮肤健康，她每天都要涂防晒霜。,为了保持皮肤健康，她每天都要把防晒霜涂了。,"为了保持皮肤健康,她每天都要涂防晒。","为了保持皮肤健康,她每天都要把防晒涂了。",False,True,False,False,delete:霜->@17:18,delete:霜->@17:18
SVO-HG-034,SVO-preferred,习惯性动作与泛指,SVO,BA,临近考试的时候，很多学生都会去图书馆复习功课。,临近考试的时候，很多学生都会去图书馆把功课复习了。,"临近考试的时候,很多学生都会去图书馆复习功课。","临近考试的时候,很多学生都会去图书馆把功课复习了。",True,False,False,False,,
SVO-HG-035,SVO-preferred,习惯性动作与泛指,SVO,BA,每次去北京出差，他都会抽空去吃北京烤鸭。,每次去北京出差，他都会抽空去把北京烤鸭吃了。,"每次去北京出差,他都会抽空去吃北京烤鸭。","每次去北京出差,他都会抽空去把北京烤鸭吃了。",True,False,False,False,,
SVO-HG-036,SVO-preferred,习惯性动作与泛指,SVO,BA,每天早上起床后，他都会在厨房做早饭。,每天早上起床后，他都会在厨房把早饭做了。,"每天早上起床后,她都会在厨房做早饭。","每天早上起床后,他都会在厨房把早饭做了。",False,False,False,False,replace:他->她@8:9,
SVO-HG-037,SVO-preferred,习惯性动作与泛指,SVO,BA,天气热的时候，孩子们总是喜欢去海边吃冰淇淋。,天气热的时候，孩子们总是喜欢去海边把冰淇淋吃了。,"天气热的时候,孩子们总是喜欢去海边吃冰淇淋。","天气热的时候,孩子们总是喜欢去海边把冰淇淋吃了。",True,False,False,False,,
SVO-HG-038,SVO-preferred,习惯性动作与泛指,SVO,BA,每次遇到不会的汉字，他都习惯用手机查字典。,每次遇到不会的汉字，他都习惯用手机把字典查了。,"每次遇到不会的汉字,他都习惯用手机查字典。","每次遇到不会的汉字,他都习惯用手机把字典查了。",True,False,False,False,,
SVO-HG-039,SVO-preferred,习惯性动作与泛指,SVO,BA,只要是周末，爸爸都会坐在沙发上看报纸。,只要是周末，爸爸都会坐在沙发上把报纸看了。,"只要是周末,爸爸都会坐在沙发上看电视。","只要是周末,爸爸都会坐在沙发上把报纸看了。",False,False,False,False,replace:报纸->电视@16:18,
SVO-HG-040,SVO-preferred,习惯性动作与泛指,SVO,BA,每天下班回家路上，妈妈都会去菜市场买菜。,每天下班回家路上，妈妈都会去菜市场把菜买了。,"每天下班回家路上,妈妈都会去菜市场买菜。","每天下班回家路上,妈妈都会去菜市场把菜买了。",True,False,False,False,,
SVO-HG-041,SVO-preferred,习惯性动作与泛指,SVO,BA,每天吃完晚饭，全家人都会坐在客厅里看电视剧。,每天吃完晚饭，全家人都会坐在客厅里把电视剧看了。,"每天吃完晚饭,全家人都会坐在客厅里看电视剧。","每天吃完晚饭,全家人都会坐在客厅里把电视剧看了。",True,False,False,False,,
SVO-HG-042,SVO-preferred,习惯性动作与泛指,SVO,BA,每天下班后，哥哥都会去健身房锻炼身体。,每天下班后，哥哥都会去健身房把身体锻炼一下。,"每天下班后,哥哥都会去健身房锻炼身体。","每天下班后,哥哥都会去健身房把身体锻炼一下。",True,False,False,False,,
SVO-HG-043,SVO-preferred,习惯性动作与泛指,SVO,BA,每个月这个时候，妹妹都会去理发店剪头发。,每个月这个时候，妹妹都会去理发店把头发剪了。,"每个月这个时候,妹妹都会去理发店剪头发。","每个月这个时候,妹妹都会去理发店把头发剪了。",True,False,False,False,,
SVO-HG-044,SVO-preferred,习惯性动作与泛指,SVO,BA,每次放假，他们一家人都会去海边抓鱼。,每次放假，他们一家人都会去海边把鱼抓了。,"每次放假,他们一家人都会去海边抓鱼。","每次放假,他们一家人都会去海边把鱼抓了。",True,False,False,False,,
SVO-HG-045,SVO-preferred,习惯性动作与泛指,SVO,BA,每当有空的时候，姐姐总喜欢在阳台上喂鸽子。,每当有空的时候，姐姐总喜欢在阳台上把鸽子喂了。,"每当有空的时候,姐姐总喜欢在阳台上喂鸽子。","每当有空的时候,姐姐总喜欢在阳台上把鸽子喂了。",True,False,False,False,,
SVO-HG-046,SVO-preferred,习惯性动作与泛指,SVO,BA,每天睡觉前，妈妈都会给孩子讲故事。,每天睡觉前，妈妈都会给孩子把故事讲了。,"每天睡觉前,妈妈都会给孩子讲故事。","每天睡觉前,妈妈都会给孩子把故事讲了。",True,False,False,False,,
SVO-HG-047,SVO-preferred,习惯性动作与泛指,SVO,BA,每天上课前，老师都会仔细地给学生批改作业。,每天上课前，老师都会仔细地给学生把作业批改了。,"每天上课前,老师都会仔细地给学生批改作业。","每天上课前,老师都会仔细地给学生把作业批改了。",True,False,False,False,,
SVO-HG-048,SVO-preferred,习惯性动作与泛指,SVO,BA,每天开车前，司机都会认真地检查汽车。,每天开车前，司机都会认真地把汽车检查了。,"每天开车前,司机都会认真地检查汽车。","每天开车前,司机都会认真地把汽车检查了。",True,False,False,False,,
SVO-HG-049,SVO-preferred,习惯性动作与泛指,SVO,BA,每到冬天，北方人常常一起吃火锅。,每到冬天，北方人常常一起把火锅吃了。,"每到冬天,北方人常常一起吃火锅。","每到冬天,北方人常常一起把火锅吃了。",True,False,False,False,,
SVO-HG-050,SVO-preferred,习惯性动作与泛指,SVO,BA,遇到周末，很多年轻人都喜欢去酒吧喝酒。,遇到周末，很多年轻人都喜欢去酒吧把酒喝了。,"遇到周末,很多年轻人都喜欢去酒吧喝酒。","遇到周末,很多年轻人都喜欢去酒吧把酒喝了。",True,False,False,False,,
SVO-NS-001,SVO-preferred,叙述经历和日程,SVO,BA,昨晚停电了，我在黑暗中坐了一会儿，然后去厨房点了那根蜡烛。,昨晚停电了，我在黑暗中坐了一会儿，然后去厨房把那根蜡烛点了。,"昨晚停电了,我在黑暗中坐了一会儿,然后去厨房点了那根蜡烛。","昨晚停电了,我在黑暗中坐了一会儿,然后去厨房把那根蜡烛点了。",True,False,False,False,,
SVO-NS-002,SVO-preferred,叙述经历和日程,SVO,BA,我昨天复习得很认真，先看了书上的笔记，又默写了单词，然后做完了那张练习卷。,我昨天复习得很认真，先看了书上的笔记，又默写了单词，然后把那张练习卷做完了。,"我昨天复习得很认真,先看了书上的笔记,又默写了单词,然后做完了那张练习卷。","我昨天复习得很认真,先看了书上的笔记,又默写了单词,然后把那张练习卷做完了。",True,False,False,False,,
SVO-NS-003,SVO-preferred,叙述经历和日程,SVO,BA,周末我去逛商场，买了一双鞋，晚上还看了一场电影。,周末我去逛商场，买了一双鞋，晚上还把那场电影看了。,"周末我去逛商场,买了一双鞋,晚上还看了一场电影。","周末我去逛商场,买了一双鞋,晚上还把那场电影看了。",True,False,False,False,,
SVO-NS-004,SVO-preferred,叙述经历和日程,SVO,BA,早上时间太紧了，我匆匆忙忙刷了牙，洗了脸，然后穿上了鞋子。,早上时间太紧了，我匆匆忙忙刷了牙，洗了脸，然后把鞋子穿上了。,"早上时间太紧了,我匆匆忙忙刷了牙,洗了脸,然后穿上了鞋子。","早上时间太紧了,我匆匆忙忙刷了牙,洗了脸,然后把鞋子穿上了。",True,False,False,False,,
SVO-NS-005,SVO-preferred,叙述经历和日程,SVO,BA,昨天生日派对上，大家先唱了生日歌，又许了愿望，然后一起切了蛋糕。,昨天生日派对上，大家先唱了生日歌，又许了愿望，然后一起把蛋糕切了。,"昨天生日派对上,大家先唱了生日歌,又许了愿望,然后一起切了蛋糕。","昨天生日派对上,大家先唱了生日歌,又许了愿望,然后一起把蛋糕切了。",True,False,False,False,,
SVO-NS-006,SVO-preferred,叙述经历和日程,SVO,BA,他走进房间，脱下外套，然后走到窗前默默地点了一支烟。,他走进房间，脱下外套，然后走到窗前默默地把那支烟点了。,"他走进房间,脱下外套,然后走到窗前默默地点了一支烟。","他走进房间,脱下外套,然后走到窗前默默地把那支烟点了。",True,False,False,False,,
SVO-NS-007,SVO-preferred,叙述经历和日程,SVO,BA,去北京旅行的时候，我们去了故宫，看了天安门，爬了长城，最后还吃了烤鸭。,去北京旅行的时候，我们去了故宫，看了天安门，爬了长城，最后还把烤鸭吃了。,"去北京旅行的时候,我们去了故宫,看了天安门,爬了长城,最后还吃了烤鸭。","去北京旅行的时候,我们去了故宫,看了天安门,爬了长城,最后还把烤鸭吃了。",True,False,False,False,,
SVO-NS-008,SVO-preferred,叙述经历和日程,SVO,BA,经理先开了一个早会，然后回到办公室，开始写那份年终报告。,经理先开了一个早会，然后回到办公室，开始把那份年终报告写了。,"经理先开了一个早餐,然后回到办公室,开始写那份年终报告。","经理先开了一个早餐,然后回到办公室,开始把那份年终报告写了。",False,True,False,False,replace:会->餐@8:9,replace:会->餐@8:9
SVO-NS-009,SVO-preferred,叙述经历和日程,SVO,BA,在音乐会上，大家都很安静，认真地听那首钢琴曲。,在音乐会上，大家都很安静，认真地把那首钢琴曲听了。,"在音乐会上,大家都很安静,认真地听那首钢琴曲。","在音乐会上,大家都很安静,认真地把那首钢琴曲听了。",True,False,False,False,,
SVO-NS-010,SVO-preferred,叙述经历和日程,SVO,BA,到了海边，孩子们兴奋地脱掉鞋子，马上跑过去踩那些沙子。,到了海边，孩子们兴奋地脱掉鞋子，马上跑过去把那些沙子踩了。,"到了海边,孩子们兴奋地脱掉鞋子,马上跑过去踩那些沙子。","到了海边,孩子们兴奋地脱掉鞋子,马上跑过去把那些沙子踩了。",True,False,False,False,,
SVO-NS-011,SVO-preferred,叙述经历和日程,SVO,BA,饭后，我帮妈妈洗了碗，然后看了一会儿电视，就回到自己房间里写作业了。,饭后，我帮妈妈洗了碗，然后看了一会儿电视，就回到自己房间里把作业写了。,"饭后,我帮妈妈洗了碗,然后看了一会儿电视,就回到自己房间里写作业了。","饭后,我帮妈妈洗了碗,然后看了一会儿电视,就回到自己房间里把作业写了。",True,False,False,False,,
SVO-NS-012,SVO-preferred,叙述经历和日程,SVO,BA,昨天我去书店，先买了一本字典，然后去二楼买了一本画册。,昨天我去书店，先买了一本字典，然后去二楼把那本画册买了。,"昨天我去书店,先买了一本字典,然后去二楼买了一本画册。","昨天我去书店,先买了一本字典,然后去二楼把那本画册买了。",True,False,False,False,,
SVO-NS-013,SVO-preferred,叙述经历和日程,SVO,BA,早上我起床后，先喝了一杯温水，然后去厨房吃了一块面包。,早上我起床后，先喝了一杯温水，然后去厨房把那块面包吃了。,"早上我起床后,先喝了一杯温水,然后去厨房吃了一块面包。","早上我起床后,先喝了一杯温水,然后去厨房把那块面包吃了。",True,False,False,False,,
SVO-NS-014,SVO-preferred,叙述经历和日程,SVO,BA,我们去公园玩，先散了步，看了花，然后在长椅上坐着听了一首中文歌。,我们去公园玩，先散了步，看了花，然后在长椅上坐着把那首中文歌听了。,"我们去公园玩,先散了步,看了花,然后在长椅上坐着听了一首中文歌。","我们去公园玩,先散了步,看了花,然后在长椅上坐着把那首中文歌听了。",True,False,False,False,,
SVO-NS-015,SVO-preferred,叙述经历和日程,SVO,BA,他走进办公室，先开了空调，然后坐下来写了一份总结。,他走进办公室，先开了空调，然后坐下来把那份总结写了。,"他走进办公室,先开了空调,然后坐下来写了一份总结。","他走进办公室,先开了空调,然后坐下来把那份总结写了。",True,False,False,False,,
SVO-NS-016,SVO-preferred,叙述经历和日程,SVO,BA,去商场购物时，我先买了一件衬衫，后来又去五楼买了一双凉鞋。,去商场购物时，我先买了一件衬衫，后来又去五楼把那双凉鞋买了。,"去商场购物时,我先买了一件衬衫,后来又去五楼买了一双凉鞋。","去商场购物时,我先买了一件衬衫,后来又去五楼把那双凉鞋买了。",True,False,False,False,,
SVO-NS-017,SVO-preferred,叙述经历和日程,SVO,BA,大家聚餐时，先喝了果汁，又聊了天，最后一起喝了一瓶红酒。,大家聚餐时，先喝了果汁，又聊了天，最后一起把那瓶红酒喝了。,"大家聚餐时,先喝了果汁,又聊了天,最后一起喝了一瓶红酒。","大家聚餐时,先喝了果汁,又聊了天,最后一起把那瓶红酒喝了。",True,False,False,False,,
SVO-NS-018,SVO-preferred,叙述经历和日程,SVO,BA,在火车站候车时，我先查了时刻表，然后去书报亭买了一张地图。,在火车站候车时，我先查了时刻表，然后去书报亭把那张地图买了。,"在火车站候车时,我先查了时刻表,然后去书报亭买了一张地图。","在火车站候车时,我先查了时刻表,然后去书报亭把那张地图买了。",True,False,False,False,,
SVO-NS-019,SVO-preferred,叙述经历和日程,SVO,BA,回到家后，他先放下书包，脱了外套，然后去厨房煮了一碗面条。,回到家后，他先放下书包，脱了外套，然后去厨房把那碗面条煮了。,"回到家后,他先放下书包,脱了外套,然后去厨房煮了一碗面条。","回到家后,他先放下书包,脱了外套,然后去厨房把那碗面条煮了。",True,False,False,False,,
SVO-NS-020,SVO-preferred,叙述经历和日程,SVO,BA,准备开会前，我先打印了材料，然后去休息间泡了一壶热茶。,准备开会前，我先打印了材料，然后去休息间把那壶热茶泡了。,"准备开会前,我先打印了材料,然后去休息间泡了一壶热茶。","准备开会前,我先打印了材料,然后去休息间把那壶热茶泡了。",True,False,False,False,,
SVO-NS-021,SVO-preferred,叙述经历和日程,SVO,BA,回到家后，我先洗了手，然后去厨房切了一个西瓜。,回到家后，我先洗了手，然后去厨房把那个西瓜切了。,"回到家后,我先洗了手,然后去厨房切了一个西瓜。","回到家后,我先洗了手,然后去厨房把那个西瓜切了。",True,False,False,False,,
SVO-NS-022,SVO-preferred,叙述经历和日程,SVO,BA,昨天去参观博物馆，我们先听了导游的讲解，最后在门口的纪念品店买了一张明信片。,昨天去参观博物馆，我们先听了导游的讲解，最后在门口的纪念品店把那张明信片买了。,"昨天去参观博物馆,我们先听了导游的讲解,最后在门口的纪念品店买了一张明信片。","昨天去参观博物馆,我们先听了导游的讲解,最后在门口的纪念品店把那张明信片买了。",True,False,False,False,,
SVO-NS-023,SVO-preferred,叙述经历和日程,SVO,BA,昨天我去医院看病，医生先问了情况，然后给我开了一些药。,昨天我去医院看病，医生先问了情况，然后给我把那些药开了。,"昨天我去医院看病,医生先问了情况,然后给我开了一些药。","昨天我去医院看病,医生先问了情况,然后给我把那些药开了。",True,False,False,False,,
SVO-NS-024,SVO-preferred,叙述经历和日程,SVO,BA,他今天起得很早，洗漱完以后走到阳台，看着外面的风景安静地喝了一杯温水。,他今天起得很早，洗漱完以后走到阳台，看着外面的风景安静地把那杯温水喝了。,"他今天起得很早,洗澡完以后走到阳台,看着外面的风景安静地喝了一杯温水。","他今天起得很早,洗澡完以后走到阳台,看着外面的风景安静地把那杯温水喝了。",False,True,False,False,replace:漱->澡@9:10,replace:漱->澡@9:10
SVO-NS-025,SVO-preferred,叙述经历和日程,SVO,BA,到了火车站，我们先取了票，然后去候车室找到了一个座位。,到了火车站，我们先取了票，然后去候车室把那个座位找到了。,"到了火车站,我们先取了票,然后去候车室找到了一个座位。","到了火车站,我们先取了票,然后去候车室把那个座位找到了。",True,False,False,False,,
SVO-NS-026,SVO-preferred,叙述经历和日程,SVO,BA,会议开始前，秘书先给大家发了材料，然后走到台前打开了投影仪。,会议开始前，秘书先给大家发了材料，然后走到台前把那台投影仪打开了。,"会议开始前,秘书先给大家发了材料,然后走到台前打开了投影仪。","会议开始前,秘书先给大家发了材料,然后走到台前把那台投影仪打开了。",True,False,False,False,,
SVO-NS-027,SVO-preferred,叙述经历和日程,SVO,BA,上车以后，他先系好了安全带，然后慢慢地发动了汽车。,上车以后，他先系好了安全带，然后慢慢地把汽车发动了。,"上车以后,他先系好了安全带,然后慢慢地发动了汽车。","上车以后,他先系好了安全带,然后慢慢地把汽车发动了。",True,False,False,False,,
SVO-NS-028,SVO-preferred,叙述经历和日程,SVO,BA,经理上午到了公司，先给自己倒了水，然后坐下来打开电脑看了一份文件。,经理上午到了公司，先给自己倒了水，然后坐下来打开电脑把那份文件看了。,"经理上午到了公司,先给自己倒了水,然后坐下来打开电脑看了一份文件。","经理上午到了公司,先给自己倒了水,然后坐下来打开电脑把那份文件看了。",True,False,False,False,,
SVO-NS-029,SVO-preferred,叙述经历和日程,SVO,BA,下午的汉语课结束以后，我去了一趟图书馆，在三楼借了两本小说。,下午的汉语课结束以后，我去了一趟图书馆，在三楼把那两本小说借了。,"下午的汉语课结束以后,我去了一趟图书馆,在三楼借了两本小说。","下午的汉语课结束以后,我去了一趟图书馆,在三楼把那两本小说借了。",True,False,False,False,,
SVO-NS-030,SVO-preferred,叙述经历和日程,SVO,BA,下了飞机，我们先取了行李，然后在停车场开走了我的车。,下了飞机，我们先取了行李，然后在停车场把我的车开走了。,"下了飞机,我们先取了行李,然后在停车场开走了我的车。","下了飞机,我们先取了行李,然后在停车场把我的车开走了。",True,False,False,False,,
SVO-NS-031,SVO-preferred,叙述经历和日程,SVO,BA,进门后，他先脱了鞋，然后把包放下，又给自己接好了一杯热水。,进门后，他先脱了鞋，然后把包放下，又给自己把那杯热水接好了。,"进门后,他先脱了鞋,然后把包放下,又给自己接好了一杯热水。","进门后,他先脱了鞋,然后把包放下,又给自己把那杯热水接好了。",True,False,False,False,,
SVO-NS-032,SVO-preferred,叙述经历和日程,SVO,BA,我们先去了博物馆，然后去了公园，最后在街角喝了一杯奶茶。,我们先去了博物馆，然后去了公园，最后在街角把那杯奶茶喝了。,"我们先去了博物馆,然后去了公园,最后在街角喝了一杯奶茶。","我们先去了博物馆,然后去了公园,最后在街角把那杯奶茶喝了。",True,False,False,False,,
SVO-NS-033,SVO-preferred,叙述经历和日程,SVO,BA,老师走进教室，把书本放在讲台上，然后转身在黑板上写了一个生词。,老师走进教室，把书本放在讲台上，然后转身在黑板上把那个生词写了。,"老师走进教室,把书本放在讲台上,然后转身在黑板上写了一个生词。","老师走进教室,把书本放在讲台上,然后转身在黑板上把那个生词写了。",True,False,False,False,,
SVO-NS-034,SVO-preferred,叙述经历和日程,SVO,BA,晚饭做好了，大家先去洗了手，然后在客厅里一边聊天一边吃水果。,晚饭做好了，大家先去洗了手，然后在客厅里一边聊天一边把水果吃了。,"晚饭做好了,大家先去洗了手,然后在客厅里一边聊天一边吃水果。","晚饭做好了,大家先去洗了手,然后在客厅里一边聊天一边把水果吃了。",True,False,False,False,,
SVO-NS-035,SVO-preferred,叙述经历和日程,SVO,BA,他打开电脑，输入了密码，然后点开浏览器看了一条新闻。,他打开电脑，输入了密码，然后点开浏览器把那条新闻看了。,"他打开电脑,输入了密码,然后点开浏览器看了一条新闻。","他打开电脑,输入了密码,然后点开浏览器把那条新闻看了。",True,False,False,False,,
SVO-NS-036,SVO-preferred,叙述经历和日程,SVO,BA,周末我们在家里大扫除，先擦了窗户，洗了衣服，然后下楼扔了两袋垃圾。,周末我们在家里大扫除，先擦了窗户，洗了衣服，然后下楼把那两袋垃圾扔了。,"周末我们在家里大扫除,先擦了窗户,洗了衣服,然后下楼扔了两袋垃圾。","周末我们在家里大扫除,先擦了窗户,洗了衣服,然后下楼把那两袋垃圾扔了。",True,False,False,False,,
SVO-NS-037,SVO-preferred,叙述经历和日程,SVO,BA,昨天我去菜市场，买了青菜，买了豆腐，最后为了招待客人还买了一条鱼。,昨天我去菜市场，买了青菜，买了豆腐，最后为了招待客人还把那条鱼买了。,"昨天我去菜市场,买了青菜,买了豆腐,最后为了招待客人还买了一条鱼。","昨天我去菜市场,买了青菜,买了豆腐,最后为了招待客人还把那条鱼买了。",True,False,False,False,,
SVO-NS-038,SVO-preferred,叙述经历和日程,SVO,BA,到了银行，他先拿了号，然后在休息区的沙发上看了一本杂志。,到了银行，他先拿了号，然后在休息区的沙发上把那本杂志看了。,"到了银行,他先拿了号,然后在休息区的沙发上看了一本杂志。","到了银行,他先拿了号,然后在休息区的沙发上把那本杂志看了。",True,False,False,False,,
SVO-NS-039,SVO-preferred,叙述经历和日程,SVO,BA,昨天面试的时候，他先介绍了自己，然后回答了问题，最后给面试官留下了一份简历。,昨天面试的时候，他先介绍了自己，然后回答了问题，最后给面试官把那份简历留下了。,"昨天面试的时候,他先介绍了自己,然后回答了问题,最后给面试官留下了一份履历。","昨天面试的时候,他先介绍了自己,然后回答了问题,最后给面试官把那份履历留下了。",False,True,False,False,replace:简->履@35:36,replace:简->履@33:34
SVO-NS-040,SVO-preferred,叙述经历和日程,SVO,BA,妈妈回到家，先换了衣服，然后去厨房系上围裙，开始做晚餐。,妈妈回到家，先换了衣服，然后去厨房系上围裙，开始把晚餐做了。,"妈妈回到家,先换了衣服,然后去厨房系上围裙,开始做晚餐。","妈妈回到家,先换了衣服,然后去厨房系上围裙,开始把晚餐做了。",True,False,False,False,,
SVO-NS-041,SVO-preferred,叙述经历和日程,SVO,BA,到了酒店，我们先在前台拿了房卡，坐电梯上楼放好行李，接着就喝了一瓶矿泉水。,到了酒店，我们先在前台拿了房卡，坐电梯上楼放好行李，接着就把那瓶矿泉水喝了。,"到了酒店,我们先在前台拿了房卡,坐电梯上楼放好行李,接着就喝了一瓶矿泉水。","到了酒店,我们先在前台拿了房卡,坐电梯上楼放好行李,接着就把那瓶矿泉水喝了。",True,False,False,False,,
SVO-NS-042,SVO-preferred,叙述经历和日程,SVO,BA,陪奶奶去医院看病，我们先排队挂号，看完医生后去一楼买了几盒感冒药。,陪奶奶去医院看病，我们先排队挂号，看完医生后去一楼把那几盒感冒药买了。,"陪奶奶去医院看病,我们先排队挂号,看完医生后去一楼买了几颗感冒药。","陪奶奶去医院看病,我们先排队挂号,看完医生后去一楼把那几盒感冒药买了。",False,False,False,False,replace:盒->颗@28:29,
SVO-NS-043,SVO-preferred,叙述经历和日程,SVO,BA,打开包裹后，她先看了看说明书，然后小心地从盒子里拿出来了一个新手机。,打开包裹后，她先看了看说明书，然后小心地从盒子里把那个新手机拿出来了。,"打开包裹后,她先看了一下说明书,然后小心地从盒子里拿出来了一个新手机。","打开包裹后,她先看了一下说明书,然后小心地从盒子里把那个新手机拿出来了。",False,True,False,False,replace:看->一下@10:11,replace:看->一下@10:11
SVO-NS-044,SVO-preferred,叙述经历和日程,SVO,BA,我们先去前台办了入住，然后拿着房卡，上楼去找到了我们的房间。,我们先去前台办了入住，然后拿着房卡，上楼去把我们的房间找到了。,"我们先去前台办了入住,然后拿着房卡,上楼去找到了我们的房间。","我们先去前台办了入住,然后拿着房卡,上楼去把我们的房间找到了。",True,False,False,False,,
SVO-NS-045,SVO-preferred,叙述经历和日程,SVO,BA,过了机场安检，距离起飞还有很长时间，我就去旁边的书店买了一本杂志。,过了机场安检，距离起飞还有很长时间，我就去旁边的书店把那本杂志买了。,"过了机场安检,距离起飞还有很长时间,我就去旁边的书店买了一本杂志。","过了机场安检,距离起飞还有很长时间,我就去旁边的书店把那本杂志买了。",True,False,False,False,,
SVO-NS-046,SVO-preferred,叙述经历和日程,SVO,BA,下午我们去公园散步，在湖边坐了一会儿，然后拿出面包喂了几只天鹅。,下午我们去公园散步，在湖边坐了一会儿，然后拿出面包把那几只天鹅喂了。,"下午我们去公园散步,在湖边坐了一会儿,然后拿出面包喂了几只天鹅。","下午我们去公园散步,在湖边坐了一会儿,然后拿出面包把那几只天鹅喂了。",True,False,False,False,,
SVO-NS-047,SVO-preferred,叙述经历和日程,SVO,BA,电影开场前，我们先买了爆米花，然后向工作人员买了两张票。,电影开场前，我们先买了爆米花，然后向工作人员把那两张票买了。,"电影开场前,我们先买了爆米花,然后向工作人员买了两张票。","电影开场前,我们先买了爆米花,然后向工作人员把那两张票买了。",True,False,False,False,,
SVO-NS-048,SVO-preferred,叙述经历和日程,SVO,BA,搬家那天特别累，把东西都搬进新家后，大家去楼下的餐厅吃了顿火锅。,搬家那天特别累，把东西都搬进新家后，大家去楼下的餐厅把那顿火锅吃了。,"搬家那天特别累,把东西都搬进新家后,大家去楼下的餐厅吃了顿火锅。","搬家那天特别累,把东西都搬进新家后,大家去楼下的餐厅把那顿火锅吃了。",True,False,False,False,,
SVO-NS-049,SVO-preferred,叙述经历和日程,SVO,BA,她拆开信封，拿出信纸，坐在桌子前认真地读了一遍这封信。,她拆开信封，拿出信纸，坐在桌子前认真地把这封信读了一遍。,"她拆开信封,拿出信纸,坐在桌子前认真地读一遍这封信。","她拆开信封,拿出信纸,坐在桌子前认真地把这封信读了一通。",False,True,False,False,delete:了->@20:21,replace:遍->通@26:27
SVO-NS-050,SVO-preferred,叙述经历和日程,SVO,BA,晚上加完班回到家，他先洗了一个热水澡，然后躺在沙发上听了一遍那首老歌。,晚上加完班回到家，他先洗了一个热水澡，然后躺在沙发上把那首老歌听了一遍。,"晚上加完班回到家,他先洗了一个热水澡,然后躺在沙发上听了一下那首老歌。","晚上加完班回到家,他先洗了一个热水澡,然后躺在沙发上把那首老歌听了一下。",False,True,False,False,replace:遍->下@29:30,replace:遍->下@34:35
